Time,Workstn A,Workstn B,Workstn C,Workstn D,Workstn E,Workstn F,Truck slot 1,Truck slot 2,Truck slot 3,Truck slot 4,Truck slot 5,Destination
0,6,,,,,,1,2,3,4,5,Y
5,7,6,,,,,1,2,3,4,5,Y
10,8,6,7,,,,1,2,3,4,5,Y
15,9,6,7,,,,1,2,3,4,5,Y
20,6,8,7,,,,1,2,3,4,5,Y
25,6,8,9,1,,,,,,,,X
30,7,8,9,2,,,,,,,,X
35,7,,9,3,,,,,,,,X
40,8,,,4,,,,,,,,X
45,8,,,5,,,,,,,,X
50,12,,,,,,6,7,9,10,11,Y
55,13,12,,,,,6,7,9,10,11,Y
60,14,12,13,,,,6,7,9,10,11,Y
65,15,12,13,,,,6,7,9,10,11,Y
70,12,14,13,,,,6,7,9,10,11,Y
75,12,14,15,7,9,6,1,2,3,4,5,X
80,13,14,15,7,,6,1,2,3,4,5,X
85,13,,15,7,6,9,1,2,3,4,5,X
90,14,,,10,6,9,1,2,3,4,5,X
95,14,,,11,6,,1,2,3,4,5,X
100,17,1,2,,7,6,8,12,13,15,16,Y
105,18,1,2,,7,6,8,12,13,15,16,Y
110,19,1,2,,7,,8,12,13,15,16,Y
115,1,3,4,,9,7,8,12,13,15,16,Y
120,1,3,4,,9,7,8,12,13,15,16,Y
125,2,3,4,12,9,8,10,11,,,,X
130,2,5,17,12,15,8,10,11,,,,X
135,3,5,17,12,8,9,10,11,,,,X
140,3,5,17,13,8,9,10,11,,,,X
145,4,18,19,13,8,15,10,11,,,,X
150,4,18,19,13,12,15,14,1,2,3,5,Y
155,17,18,19,16,12,8,14,1,2,3,5,Y
160,17,10,11,,12,8,14,1,2,3,5,Y
165,18,10,11,,15,12,14,1,2,3,5,Y
170,18,10,11,,15,12,14,1,2,3,5,Y
175,19,,,1,15,14,13,16,,,,X
180,19,,,1,5,14,13,16,,,,X
185,10,,,1,14,15,13,16,,,,X
190,10,,,2,14,15,13,16,,,,X
195,11,,,2,14,3,13,16,,,,X
200,11,16,13,2,1,3,4,17,18,19,10,Y
205,20,16,13,5,1,14,4,17,18,19,10,Y
210,21,16,20,5,1,14,4,17,18,19,10,Y
215,16,13,20,5,3,1,4,17,18,19,10,Y
220,16,13,20,,3,1,4,17,18,19,10,Y
225,20,21,,17,3,4,2,5,,,,X
230,20,21,,17,,4,2,5,,,,X
235,22,21,,17,4,3,2,5,,,,X
240,21,22,,18,4,3,2,5,,,,X
245,21,22,,18,4,19,2,5,,,,X
250,25,22,2,18,17,19,11,16,20,23,24,Y
255,22,25,2,10,17,4,11,16,20,23,24,Y
260,22,25,5,10,17,4,11,16,20,23,24,Y
265,26,25,5,10,19,17,11,16,20,23,24,Y
270,25,2,26,,19,17,11,16,20,23,24,Y
275,25,2,26,16,19,11,18,10,,,,X
280,27,5,26,16,,11,18,10,,,,X
285,26,5,27,16,11,19,18,10,,,,X
290,26,,27,20,11,19,18,10,,,,X
295,28,,27,20,11,,18,10,,,,X
300,27,28,18,20,16,11,21,22,25,26,29,Y
305,27,28,18,23,16,11,21,22,25,26,29,Y
310,30,28,10,24,16,,21,22,25,26,29,Y
315,28,18,10,,20,16,21,22,25,26,29,Y
320,28,18,30,,20,16,21,22,25,26,29,Y
325,31,10,30,22,20,21,23,24,,,,X
330,32,10,30,22,,21,23,24,,,,X
335,30,31,32,22,21,20,23,24,,,,X
340,30,31,32,25,21,20,23,24,,,,X
345,33,31,32,25,21,26,23,24,,,,X
350,31,23,24,25,22,26,27,28,30,34,35,Y
355,31,23,24,29,22,21,27,28,30,34,35,Y
360,32,23,24,,22,21,27,28,30,34,35,Y
365,32,33,,,26,22,27,28,30,34,35,Y
370,23,33,,,26,22,27,28,30,34,35,Y
375,23,33,,28,26,27,25,29,,,,X
380,24,,,28,,27,25,29,,,,X
385,24,,,28,27,26,25,29,,,,X
390,33,,,30,27,26,25,29,,,,X
395,33,,,30,27,,25,29,,,,X
400,37,29,25,30,28,27,31,32,23,24,36,Y
405,38,29,25,34,28,27,31,32,23,24,36,Y
410,39,29,37,35,28,,31,32,23,24,36,Y
415,29,25,37,,30,28,31,32,23,24,36,Y
420,29,25,37,,30,28,31,32,23,24,36,Y
425,37,38,39,32,30,31,34,35,,,,X
430,37,38,39,32,,31,34,35,,,,X
435,40,38,39,32,31,30,34,35,,,,X
440,38,40,,23,31,30,34,35,,,,X
445,38,40,,23,31,24,34,35,,,,X
450,42,40,34,23,32,24,33,29,37,39,41,Y
455,40,35,34,36,32,31,33,29,37,39,41,Y
460,40,35,34,,32,31,33,29,37,39,41,Y
465,34,35,42,,24,32,33,29,37,39,41,Y
470,34,,42,,24,32,33,29,37,39,41,Y
475,35,,42,29,24,33,23,36,,,,X
480,35,,,29,39,33,23,36,,,,X
485,42,,,29,33,24,23,36,,,,X
490,42,,,37,33,24,23,36,,,,X
495,43,,,37,33,39,23,36,,,,X
500,44,36,23,37,29,39,38,40,34,35,42,Y
505,45,36,23,41,29,33,38,40,34,35,42,Y
510,46,36,43,,29,33,38,40,34,35,42,Y
515,36,23,43,,39,29,38,40,34,35,42,Y
520,36,23,43,,39,29,38,40,34,35,42,Y
525,43,44,45,40,39,38,37,41,,,,X
530,43,44,45,40,,38,37,41,,,,X
535,47,44,45,40,38,39,37,41,,,,X
540,44,46,47,34,38,39,37,41,,,,X
545,44,46,47,34,38,35,37,41,,,,X
550,50,46,47,34,40,35,36,43,45,48,49,Y
555,46,41,37,42,40,38,36,43,45,48,49,Y
560,46,41,37,42,40,38,36,43,45,48,49,Y
565,47,41,50,42,35,40,36,43,45,48,49,Y
570,47,37,50,,35,40,36,43,45,48,49,Y
575,41,37,50,43,35,36,34,42,,,,X
580,41,,,43,45,36,34,42,,,,X
585,50,,,43,36,35,34,42,,,,X
590,50,,,45,36,35,34,42,,,,X
595,51,,,45,36,,34,42,,,,X
600,52,51,34,45,43,36,44,46,47,41,50,Y
605,53,51,34,48,43,36,44,46,47,41,50,Y
610,54,51,42,49,43,,44,46,47,41,50,Y
615,51,34,42,,45,43,44,46,47,41,50,Y
620,51,34,52,,45,43,44,46,47,41,50,Y
625,55,42,52,46,45,44,48,49,,,,X
630,56,42,52,46,,44,48,49,,,,X
635,52,53,54,46,44,45,48,49,,,,X
640,52,53,54,47,44,45,48,49,,,,X
645,57,53,54,47,44,41,48,49,,,,X
650,53,55,56,47,46,41,51,52,58,59,60,Y
655,53,55,56,50,46,44,51,52,58,59,60,Y
660,54,55,56,50,46,44,51,52,58,59,60,Y
665,54,48,49,50,41,46,51,52,58,59,60,Y
670,55,48,49,,41,46,51,52,58,59,60,Y
675,55,48,49,52,41,51,47,50,,,,X
680,56,57,,52,,51,47,50,,,,X
685,56,57,,52,51,41,47,50,,,,X
690,48,57,,58,51,41,47,50,,,,X
695,48,,,59,51,,47,50,,,,X
700,57,,47,60,52,51,53,54,55,56,49,Y
705,57,,47,,52,51,53,54,55,56,49,Y
710,61,47,50,,52,,53,54,55,56,49,Y
715,62,47,50,,,52,53,54,55,56,49,Y
720,63,50,61,,,52,53,54,55,56,49,Y
725,64,50,61,54,49,53,58,59,60,,,X
730,65,62,61,54,,53,58,59,60,,,X
735,61,62,63,54,53,55,58,59,60,,,X
740,61,62,63,56,53,55,58,59,60,,,X
745,62,64,63,56,53,49,58,59,60,,,X
750,62,64,65,56,54,49,48,57,61,66,67,Y
755,63,64,65,,54,53,48,57,61,66,67,Y
760,63,58,65,,54,53,48,57,61,66,67,Y
765,64,58,59,,55,54,48,57,61,66,67,Y
770,64,58,59,,55,54,48,57,61,66,67,Y
775,65,60,59,57,55,48,49,56,,,,X
780,65,60,,57,,48,49,56,,,,X
785,58,60,,57,48,55,49,56,,,,X
790,58,,,61,48,55,49,56,,,,X
795,59,,,61,48,,49,56,,,,X
800,59,,49,61,57,48,62,63,64,65,58,Y
805,60,,49,66,57,48,62,63,64,65,58,Y
810,60,49,56,67,57,,62,63,64,65,58,Y
815,68,49,56,,61,57,62,63,64,65,58,Y
820,69,56,68,,61,57,62,63,64,65,58,Y
825,70,56,68,63,61,62,66,67,,,,X
830,71,69,68,63,,62,66,67,,,,X
835,68,69,70,63,62,61,66,67,,,,X
840,68,69,70,64,62,61,66,67,,,,X
845,69,71,70,64,62,65,66,67,,,,X
850,69,71,66,64,63,65,59,60,68,72,73,Y
855,70,71,66,58,63,62,59,60,68,72,73,Y
860,70,67,66,58,63,62,59,60,68,72,73,Y
865,71,67,,58,65,63,59,60,68,72,73,Y
870,71,67,,,65,63,59,60,68,72,73,Y
875,66,,,60,65,59,64,58,,,,X
880,66,,,60,,59,64,58,,,,X
885,67,,,60,59,65,64,58,,,,X
890,67,,,68,59,65,64,58,,,,X
895,74,,,68,59,,64,58,,,,X
900,75,74,64,68,60,59,69,70,71,66,67,Y
905,76,74,64,72,60,59,69,70,71,66,67,Y
910,77,74,58,73,60,,69,70,71,66,67,Y
915,74,64,58,,68,60,69,70,71,66,67,Y
920,74,64,75,,68,60,69,70,71,66,67,Y
925,78,58,75,70,68,69,72,73,,,,X
930,79,58,75,70,,69,72,73,,,,X
935,75,76,77,70,69,68,72,73,,,,X
940,75,76,77,71,69,68,72,73,,,,X
945,80,76,77,71,69,66,72,73,,,,X
950,76,78,79,71,70,66,74,75,81,82,83,Y
955,76,78,79,67,70,69,74,75,81,82,83,Y
960,77,78,79,67,70,69,74,75,81,82,83,Y
965,77,72,73,67,66,70,74,75,81,82,83,Y
970,78,72,73,,66,70,74,75,81,82,83,Y
975,78,72,73,75,66,74,71,67,,,,X
980,79,80,,75,,74,71,67,,,,X
985,79,80,,75,74,66,71,67,,,,X
990,72,80,,81,74,66,71,67,,,,X
995,72,,,82,74,,71,67,,,,X
1000,80,,71,83,75,74,76,77,78,79,73,Y
1005,80,,71,,75,74,76,77,78,79,73,Y
1010,84,71,67,,75,,76,77,78,79,73,Y
1015,85,71,67,,,75,76,77,78,79,73,Y
1020,86,67,84,,,75,76,77,78,79,73,Y
1025,87,67,84,77,73,76,81,82,83,,,X
1030,88,85,84,77,,76,81,82,83,,,X
1035,84,85,86,77,76,78,81,82,83,,,X
1040,84,85,86,79,76,78,81,82,83,,,X
1045,85,87,86,79,76,73,81,82,83,,,X
1050,85,87,88,79,77,73,72,80,84,89,90,Y
1055,86,87,88,,77,76,72,80,84,89,90,Y
1060,86,81,88,,77,76,72,80,84,89,90,Y
1065,87,81,82,,78,77,72,80,84,89,90,Y
1070,87,81,82,,78,77,72,80,84,89,90,Y
1075,88,83,82,80,78,72,73,79,,,,X
1080,88,83,,80,,72,73,79,,,,X
1085,81,83,,80,72,78,73,79,,,,X
1090,81,,,84,72,78,73,79,,,,X
1095,82,,,84,72,,73,79,,,,X
1100,82,,73,84,80,72,85,86,87,88,81,Y
1105,83,,73,89,80,72,85,86,87,88,81,Y
1110,83,73,79,90,80,,85,86,87,88,81,Y
1115,91,73,79,,84,80,85,86,87,88,81,Y
1120,92,79,91,,84,80,85,86,87,88,81,Y
1125,93,79,91,86,84,85,89,90,,,,X
1130,94,92,91,86,,85,89,90,,,,X
1135,91,92,93,86,85,84,89,90,,,,X
1140,91,92,93,87,85,84,89,90,,,,X
1145,92,94,93,87,85,88,89,90,,,,X
1150,92,94,89,87,86,88,82,83,91,95,96,Y
1155,93,94,89,81,86,85,82,83,91,95,96,Y
1160,93,90,89,81,86,85,82,83,91,95,96,Y
1165,94,90,,81,88,86,82,83,91,95,96,Y
1170,94,90,,,88,86,82,83,91,95,96,Y
1175,89,,,83,88,82,87,81,,,,X
1180,89,,,83,,82,87,81,,,,X
1185,90,,,83,82,88,87,81,,,,X
1190,90,,,91,82,88,87,81,,,,X
1195,97,,,91,82,,87,81,,,,X
1200,98,97,87,91,83,82,92,93,94,89,90,Y
1205,99,97,87,95,83,82,92,93,94,89,90,Y
1210,100,97,81,96,83,,92,93,94,89,90,Y
1215,97,87,81,,91,83,92,93,94,89,90,Y
1220,97,87,98,,91,83,92,93,94,89,90,Y
1225,101,81,98,93,91,92,95,96,,,,X
1230,102,81,98,93,,92,95,96,,,,X
1235,98,99,100,93,92,91,95,96,,,,X
1240,98,99,100,94,92,91,95,96,,,,X
1245,103,99,100,94,92,89,95,96,,,,X
1250,99,101,102,94,93,89,97,98,104,105,106,Y
1255,99,101,102,90,93,92,97,98,104,105,106,Y
1260,100,101,102,90,93,92,97,98,104,105,106,Y
1265,100,95,96,90,89,93,97,98,104,105,106,Y
1270,101,95,96,,89,93,97,98,104,105,106,Y
1275,101,95,96,98,89,97,94,90,,,,X
1280,102,103,,98,,97,94,90,,,,X
1285,102,103,,98,97,89,94,90,,,,X
1290,95,103,,104,97,89,94,90,,,,X
1295,95,,,105,97,,94,90,,,,X
1300,103,,94,106,98,97,99,100,101,102,96,Y
1305,103,,94,,98,97,99,100,101,102,96,Y
1310,107,94,90,,98,,99,100,101,102,96,Y
1315,108,94,90,,,98,99,100,101,102,96,Y
1320,109,90,107,,,98,99,100,101,102,96,Y
1325,110,90,107,100,96,99,104,105,106,,,X
1330,111,108,107,100,,99,104,105,106,,,X
1335,107,108,109,100,99,101,104,105,106,,,X
1340,107,108,109,102,99,101,104,105,106,,,X
1345,108,110,109,102,99,96,104,105,106,,,X
1350,108,110,111,102,100,96,95,103,107,112,113,Y
1355,109,110,111,,100,99,95,103,107,112,113,Y
1360,109,104,111,,100,99,95,103,107,112,113,Y
1365,110,104,105,,101,100,95,103,107,112,113,Y
1370,110,104,105,,101,100,95,103,107,112,113,Y
1375,111,106,105,103,101,95,96,102,,,,X
1380,111,106,,103,,95,96,102,,,,X
1385,104,106,,103,95,101,96,102,,,,X
1390,104,,,107,95,101,96,102,,,,X
1395,105,,,107,95,,96,102,,,,X
1400,105,,96,107,103,95,108,109,110,111,104,Y
1405,106,,96,112,103,95,108,109,110,111,104,Y
1410,106,96,102,113,103,,108,109,110,111,104,Y
1415,114,96,102,,107,103,108,109,110,111,104,Y
1420,115,102,114,,107,103,108,109,110,111,104,Y
1425,116,102,114,109,107,108,112,113,,,,X
1430,117,115,114,109,,108,112,113,,,,X
1435,114,115,116,109,108,107,112,113,,,,X
1440,114,115,116,110,108,107,112,113,,,,X
1445,115,117,116,110,108,111,112,113,,,,X
1450,115,117,112,110,109,111,105,106,114,118,119,Y
1455,116,117,112,104,109,108,105,106,114,118,119,Y
1460,116,113,112,104,109,108,105,106,114,118,119,Y
1465,117,113,,104,111,109,105,106,114,118,119,Y
1470,117,113,,,111,109,105,106,114,118,119,Y
1475,112,,,106,111,105,110,104,,,,X
1480,112,,,106,,105,110,104,,,,X
1485,113,,,106,105,111,110,104,,,,X
1490,113,,,114,105,111,110,104,,,,X
1495,120,,,114,105,,110,104,,,,X
1500,121,120,110,114,106,105,115,116,117,112,113,Y
1505,122,120,110,118,106,105,115,116,117,112,113,Y
1510,123,120,104,119,106,,115,116,117,112,113,Y
1515,120,110,104,,114,106,115,116,117,112,113,Y
1520,120,110,121,,114,106,115,116,117,112,113,Y
1525,124,104,121,116,114,115,118,119,,,,X
1530,125,104,121,116,,115,118,119,,,,X
1535,121,122,123,116,115,114,118,119,,,,X
1540,121,122,123,117,115,114,118,119,,,,X
1545,126,122,123,117,115,112,118,119,,,,X
1550,122,124,125,117,116,112,120,121,127,128,129,Y
1555,122,124,125,113,116,115,120,121,127,128,129,Y
1560,123,124,125,113,116,115,120,121,127,128,129,Y
1565,123,118,119,113,112,116,120,121,127,128,129,Y
1570,124,118,119,,112,116,120,121,127,128,129,Y
1575,124,118,119,121,112,120,117,113,,,,X
1580,125,126,,121,,120,117,113,,,,X
1585,125,126,,121,120,112,117,113,,,,X
1590,118,126,,127,120,112,117,113,,,,X
1595,118,,,128,120,,117,113,,,,X
1600,126,,117,129,121,120,122,123,124,125,119,Y
1605,126,,117,,121,120,122,123,124,125,119,Y
1610,130,117,113,,121,,122,123,124,125,119,Y
1615,131,117,113,,,121,122,123,124,125,119,Y
1620,132,113,130,,,121,122,123,124,125,119,Y
1625,133,113,130,123,119,122,127,128,129,,,X
1630,134,131,130,123,,122,127,128,129,,,X
1635,130,131,132,123,122,124,127,128,129,,,X
1640,130,131,132,125,122,124,127,128,129,,,X
1645,131,133,132,125,122,119,127,128,129,,,X
1650,131,133,134,125,123,119,118,126,130,135,136,Y
1655,132,133,134,,123,122,118,126,130,135,136,Y
1660,132,127,134,,123,122,118,126,130,135,136,Y
1665,133,127,128,,124,123,118,126,130,135,136,Y
1670,133,127,128,,124,123,118,126,130,135,136,Y
1675,134,129,128,126,124,118,119,125,,,,X
1680,134,129,,126,,118,119,125,,,,X
1685,127,129,,126,118,124,119,125,,,,X
1690,127,,,130,118,124,119,125,,,,X
1695,128,,,130,118,,119,125,,,,X
1700,128,,119,130,126,118,131,132,133,134,127,Y
1705,129,,119,135,126,118,131,132,133,134,127,Y
1710,129,119,125,136,126,,131,132,133,134,127,Y
1715,137,119,125,,130,126,131,132,133,134,127,Y
1720,138,125,137,,130,126,131,132,133,134,127,Y
1725,139,125,137,132,130,131,135,136,,,,X
1730,140,138,137,132,,131,135,136,,,,X
1735,137,138,139,132,131,130,135,136,,,,X
1740,137,138,139,133,131,130,135,136,,,,X
1745,138,140,139,133,131,134,135,136,,,,X
1750,138,140,135,133,132,134,128,129,137,141,142,Y
1755,139,140,135,127,132,131,128,129,137,141,142,Y
1760,139,136,135,127,132,131,128,129,137,141,142,Y
1765,140,136,,127,134,132,128,129,137,141,142,Y
1770,140,136,,,134,132,128,129,137,141,142,Y
1775,135,,,129,134,128,133,127,,,,X
1780,135,,,129,,128,133,127,,,,X
1785,136,,,129,128,134,133,127,,,,X
1790,136,,,137,128,134,133,127,,,,X
1795,143,,,137,128,,133,127,,,,X
1800,144,143,133,137,129,128,138,139,140,135,136,Y
1805,145,143,133,141,129,128,138,139,140,135,136,Y
1810,146,143,127,142,129,,138,139,140,135,136,Y
1815,143,133,127,,137,129,138,139,140,135,136,Y
1820,143,133,144,,137,129,138,139,140,135,136,Y
1825,147,127,144,139,137,138,141,142,,,,X
1830,148,127,144,139,,138,141,142,,,,X
1835,144,145,146,139,138,137,141,142,,,,X
1840,144,145,146,140,138,137,141,142,,,,X
1845,149,145,146,140,138,135,141,142,,,,X
1850,145,147,148,140,139,135,143,144,150,151,152,Y
1855,145,147,148,136,139,138,143,144,150,151,152,Y
1860,146,147,148,136,139,138,143,144,150,151,152,Y
1865,146,141,142,136,135,139,143,144,150,151,152,Y
1870,147,141,142,,135,139,143,144,150,151,152,Y
1875,147,141,142,144,135,143,140,136,,,,X
1880,148,149,,144,,143,140,136,,,,X
1885,148,149,,144,143,135,140,136,,,,X
1890,141,149,,150,143,135,140,136,,,,X
1895,141,,,151,143,,140,136,,,,X
1900,149,,140,152,144,143,145,146,147,148,142,Y
1905,149,,140,,144,143,145,146,147,148,142,Y
1910,153,140,136,,144,,145,146,147,148,142,Y
1915,154,140,136,,,144,145,146,147,148,142,Y
1920,155,136,153,,,144,145,146,147,148,142,Y
1925,156,136,153,146,142,145,150,151,152,,,X
1930,157,154,153,146,,145,150,151,152,,,X
1935,153,154,155,146,145,147,150,151,152,,,X
1940,153,154,155,148,145,147,150,151,152,,,X
1945,154,156,155,148,145,142,150,151,152,,,X
1950,154,156,157,148,146,142,141,149,153,158,159,Y
1955,155,156,157,,146,145,141,149,153,158,159,Y
1960,155,150,157,,146,145,141,149,153,158,159,Y
1965,156,150,151,,147,146,141,149,153,158,159,Y
1970,156,150,151,,147,146,141,149,153,158,159,Y
1975,157,152,151,149,147,141,142,148,,,,X
1980,157,152,,149,,141,142,148,,,,X
1985,150,152,,149,141,147,142,148,,,,X
1990,150,,,153,141,147,142,148,,,,X
1995,151,,,153,141,,142,148,,,,X
2000,151,,142,153,149,141,154,155,156,157,150,Y
2005,152,,142,158,149,141,154,155,156,157,150,Y
2010,152,142,148,159,149,,154,155,156,157,150,Y
2015,160,142,148,,153,149,154,155,156,157,150,Y
2020,161,148,160,,153,149,154,155,156,157,150,Y
2025,162,148,160,155,153,154,158,159,,,,X
2030,163,161,160,155,,154,158,159,,,,X
2035,160,161,162,155,154,153,158,159,,,,X
2040,160,161,162,156,154,153,158,159,,,,X
2045,161,163,162,156,154,157,158,159,,,,X
2050,161,163,158,156,155,157,151,152,160,164,165,Y
2055,162,163,158,150,155,154,151,152,160,164,165,Y
2060,162,159,158,150,155,154,151,152,160,164,165,Y
2065,163,159,,150,157,155,151,152,160,164,165,Y
2070,163,159,,,157,155,151,152,160,164,165,Y
2075,158,,,152,157,151,156,150,,,,X
2080,158,,,152,,151,156,150,,,,X
2085,159,,,152,151,157,156,150,,,,X
2090,159,,,160,151,157,156,150,,,,X
2095,166,,,160,151,,156,150,,,,X
2100,167,166,156,160,152,151,161,162,163,158,159,Y
2105,168,166,156,164,152,151,161,162,163,158,159,Y
2110,169,166,150,165,152,,161,162,163,158,159,Y
2115,166,156,150,,160,152,161,162,163,158,159,Y
2120,166,156,167,,160,152,161,162,163,158,159,Y
2125,170,150,167,162,160,161,164,165,,,,X
2130,171,150,167,162,,161,164,165,,,,X
2135,167,168,169,162,161,160,164,165,,,,X
2140,167,168,169,163,161,160,164,165,,,,X
2145,172,168,169,163,161,158,164,165,,,,X
2150,168,170,171,163,162,158,166,167,173,174,175,Y
2155,168,170,171,159,162,161,166,167,173,174,175,Y
2160,169,170,171,159,162,161,166,167,173,174,175,Y
2165,169,164,165,159,158,162,166,167,173,174,175,Y
2170,170,164,165,,158,162,166,167,173,174,175,Y
2175,170,164,165,167,158,166,163,159,,,,X
2180,171,172,,167,,166,163,159,,,,X
2185,171,172,,167,166,158,163,159,,,,X
2190,164,172,,173,166,158,163,159,,,,X
2195,164,,,174,166,,163,159,,,,X
2200,172,,163,175,167,166,168,169,170,171,165,Y
2205,172,,163,,167,166,168,169,170,171,165,Y
2210,176,163,159,,167,,168,169,170,171,165,Y
2215,177,163,159,,,167,168,169,170,171,165,Y
2220,178,159,176,,,167,168,169,170,171,165,Y
2225,179,159,176,169,165,168,173,174,175,,,X
2230,180,177,176,169,,168,173,174,175,,,X
2235,176,177,178,169,168,170,173,174,175,,,X
2240,176,177,178,171,168,170,173,174,175,,,X
2245,177,179,178,171,168,165,173,174,175,,,X
2250,177,179,180,171,169,165,164,172,176,181,182,Y
2255,178,179,180,,169,168,164,172,176,181,182,Y
2260,178,173,180,,169,168,164,172,176,181,182,Y
2265,179,173,174,,170,169,164,172,176,181,182,Y
2270,179,173,174,,170,169,164,172,176,181,182,Y
2275,180,175,174,172,170,164,165,171,,,,X
2280,180,175,,172,,164,165,171,,,,X
2285,173,175,,172,164,170,165,171,,,,X
2290,173,,,176,164,170,165,171,,,,X
2295,174,,,176,164,,165,171,,,,X
2300,174,,165,176,172,164,177,178,179,180,173,Y
2305,175,,165,181,172,164,177,178,179,180,173,Y
2310,175,165,171,182,172,,177,178,179,180,173,Y
2315,183,165,171,,176,172,177,178,179,180,173,Y
2320,184,171,183,,176,172,177,178,179,180,173,Y
2325,185,171,183,178,176,177,181,182,,,,X
2330,186,184,183,178,,177,181,182,,,,X
2335,183,184,185,178,177,176,181,182,,,,X
2340,183,184,185,179,177,176,181,182,,,,X
2345,184,186,185,179,177,180,181,182,,,,X
2350,184,186,181,179,178,180,174,175,183,187,188,Y
2355,185,186,181,173,178,177,174,175,183,187,188,Y
2360,185,182,181,173,178,177,174,175,183,187,188,Y
2365,186,182,,173,180,178,174,175,183,187,188,Y
2370,186,182,,,180,178,174,175,183,187,188,Y
2375,181,,,175,180,174,179,173,,,,X
2380,181,,,175,,174,179,173,,,,X
2385,182,,,175,174,180,179,173,,,,X
2390,182,,,183,174,180,179,173,,,,X
2395,189,,,183,174,,179,173,,,,X
2400,190,189,179,183,175,174,184,185,186,181,182,Y
2405,191,189,179,187,175,174,184,185,186,181,182,Y
2410,192,189,173,188,175,,184,185,186,181,182,Y
2415,189,179,173,,183,175,184,185,186,181,182,Y
2420,189,179,190,,183,175,184,185,186,181,182,Y
2425,193,173,190,185,183,184,187,188,,,,X
2430,194,173,190,185,,184,187,188,,,,X
2435,190,191,192,185,184,183,187,188,,,,X
2440,190,191,192,186,184,183,187,188,,,,X
2445,195,191,192,186,184,181,187,188,,,,X
2450,191,193,194,186,185,181,189,190,196,197,198,Y
2455,191,193,194,182,185,184,189,190,196,197,198,Y
2460,192,193,194,182,185,184,189,190,196,197,198,Y
2465,192,187,188,182,181,185,189,190,196,197,198,Y
2470,193,187,188,,181,185,189,190,196,197,198,Y
2475,193,187,188,190,181,189,186,182,,,,X
2480,194,195,,190,,189,186,182,,,,X
2485,194,195,,190,189,181,186,182,,,,X
2490,187,195,,196,189,181,186,182,,,,X
2495,187,,,197,189,,186,182,,,,X
2500,195,,186,198,190,189,191,192,193,194,188,Y
2505,195,,186,,190,189,191,192,193,194,188,Y
2510,199,186,182,,190,,191,192,193,194,188,Y
2515,200,186,182,,,190,191,192,193,194,188,Y
2520,201,182,199,,,190,191,192,193,194,188,Y
2525,202,182,199,192,188,191,196,197,198,,,X
2530,203,200,199,192,,191,196,197,198,,,X
2535,199,200,201,192,191,193,196,197,198,,,X
2540,199,200,201,194,191,193,196,197,198,,,X
2545,200,202,201,194,191,188,196,197,198,,,X
2550,200,202,203,194,192,188,187,195,199,204,205,Y
2555,201,202,203,,192,191,187,195,199,204,205,Y
2560,201,196,203,,192,191,187,195,199,204,205,Y
2565,202,196,197,,193,192,187,195,199,204,205,Y
2570,202,196,197,,193,192,187,195,199,204,205,Y
2575,203,198,197,195,193,187,188,194,,,,X
2580,203,198,,195,,187,188,194,,,,X
2585,196,198,,195,187,193,188,194,,,,X
2590,196,,,199,187,193,188,194,,,,X
2595,197,,,199,187,,188,194,,,,X
2600,197,,188,199,195,187,200,201,202,203,196,Y
2605,198,,188,204,195,187,200,201,202,203,196,Y
2610,198,188,194,205,195,,200,201,202,203,196,Y
2615,206,188,194,,199,195,200,201,202,203,196,Y
2620,207,194,206,,199,195,200,201,202,203,196,Y
2625,208,194,206,201,199,200,204,205,,,,X
2630,209,207,206,201,,200,204,205,,,,X
2635,206,207,208,201,200,199,204,205,,,,X
2640,206,207,208,202,200,199,204,205,,,,X
2645,207,209,208,202,200,203,204,205,,,,X
2650,207,209,204,202,201,203,197,198,206,210,211,Y
2655,208,209,204,196,201,200,197,198,206,210,211,Y
2660,208,205,204,196,201,200,197,198,206,210,211,Y
2665,209,205,,196,203,201,197,198,206,210,211,Y
2670,209,205,,,203,201,197,198,206,210,211,Y
2675,204,,,198,203,197,202,196,,,,X
2680,204,,,198,,197,202,196,,,,X
2685,205,,,198,197,203,202,196,,,,X
2690,205,,,206,197,203,202,196,,,,X
2695,212,,,206,197,,202,196,,,,X
2700,213,212,202,206,198,197,207,208,209,204,205,Y
2705,214,212,202,210,198,197,207,208,209,204,205,Y
2710,215,212,196,211,198,,207,208,209,204,205,Y
2715,212,202,196,,206,198,207,208,209,204,205,Y
2720,212,202,213,,206,198,207,208,209,204,205,Y
2725,216,196,213,208,206,207,210,211,,,,X
2730,217,196,213,208,,207,210,211,,,,X
2735,213,214,215,208,207,206,210,211,,,,X
2740,213,214,215,209,207,206,210,211,,,,X
2745,218,214,215,209,207,204,210,211,,,,X
2750,214,216,217,209,208,204,212,213,219,220,221,Y
2755,214,216,217,205,208,207,212,213,219,220,221,Y
2760,215,216,217,205,208,207,212,213,219,220,221,Y
2765,215,210,211,205,204,208,212,213,219,220,221,Y
2770,216,210,211,,204,208,212,213,219,220,221,Y
2775,216,210,211,213,204,212,209,205,,,,X
2780,217,218,,213,,212,209,205,,,,X
2785,217,218,,213,212,204,209,205,,,,X
2790,210,218,,219,212,204,209,205,,,,X
2795,210,,,220,212,,209,205,,,,X
2800,218,,209,221,213,212,214,215,216,217,211,Y
2805,218,,209,,213,212,214,215,216,217,211,Y
2810,222,209,205,,213,,214,215,216,217,211,Y
2815,223,209,205,,,213,214,215,216,217,211,Y
2820,224,205,222,,,213,214,215,216,217,211,Y
2825,225,205,222,215,211,214,219,220,221,,,X
2830,226,223,222,215,,214,219,220,221,,,X
2835,222,223,224,215,214,216,219,220,221,,,X
2840,222,223,224,217,214,216,219,220,221,,,X
2845,223,225,224,217,214,211,219,220,221,,,X
2850,223,225,226,217,215,211,210,218,222,227,228,Y
2855,224,225,226,,215,214,210,218,222,227,228,Y
2860,224,219,226,,215,214,210,218,222,227,228,Y
2865,225,219,220,,216,215,210,218,222,227,228,Y
2870,225,219,220,,216,215,210,218,222,227,228,Y
2875,226,221,220,218,216,210,211,217,,,,X
2880,226,221,,218,,210,211,217,,,,X
2885,219,221,,218,210,216,211,217,,,,X
2890,219,,,222,210,216,211,217,,,,X
2895,220,,,222,210,,211,217,,,,X
2900,220,,211,222,218,210,223,224,225,226,219,Y
2905,221,,211,227,218,210,223,224,225,226,219,Y
2910,221,211,217,228,218,,223,224,225,226,219,Y
2915,229,211,217,,222,218,223,224,225,226,219,Y
2920,230,217,229,,222,218,223,224,225,226,219,Y
2925,231,217,229,224,222,223,227,228,,,,X
2930,232,230,229,224,,223,227,228,,,,X
2935,229,230,231,224,223,222,227,228,,,,X
2940,229,230,231,225,223,222,227,228,,,,X
2945,230,232,231,225,223,226,227,228,,,,X
2950,230,232,227,225,224,226,220,221,229,233,234,Y
2955,231,232,227,219,224,223,220,221,229,233,234,Y
2960,231,228,227,219,224,223,220,221,229,233,234,Y
2965,232,228,,219,226,224,220,221,229,233,234,Y
2970,232,228,,,226,224,220,221,229,233,234,Y
2975,227,,,221,226,220,225,219,,,,X
2980,227,,,221,,220,225,219,,,,X
2985,228,,,221,220,226,225,219,,,,X
2990,228,,,229,220,226,225,219,,,,X
2995,235,,,229,220,,225,219,,,,X
3000,236,235,225,229,221,220,230,231,232,227,228,Y
3005,237,235,225,233,221,220,230,231,232,227,228,Y
3010,238,235,219,234,221,,230,231,232,227,228,Y
3015,235,225,219,,229,221,230,231,232,227,228,Y
3020,235,225,236,,229,221,230,231,232,227,228,Y
3025,239,219,236,231,229,230,233,234,,,,X
3030,240,219,236,231,,230,233,234,,,,X
3035,236,237,238,231,230,229,233,234,,,,X
3040,236,237,238,232,230,229,233,234,,,,X
3045,241,237,238,232,230,227,233,234,,,,X
3050,237,239,240,232,231,227,235,236,242,243,244,Y
3055,237,239,240,228,231,230,235,236,242,243,244,Y
3060,238,239,240,228,231,230,235,236,242,243,244,Y
3065,238,233,234,228,227,231,235,236,242,243,244,Y
3070,239,233,234,,227,231,235,236,242,243,244,Y
3075,239,233,234,236,227,235,232,228,,,,X
3080,240,241,,236,,235,232,228,,,,X
3085,240,241,,236,235,227,232,228,,,,X
3090,233,241,,242,235,227,232,228,,,,X
3095,233,,,243,235,,232,228,,,,X
3100,241,,232,244,236,235,237,238,239,240,234,Y
3105,241,,232,,236,235,237,238,239,240,234,Y
3110,245,232,228,,236,,237,238,239,240,234,Y
3115,246,232,228,,,236,237,238,239,240,234,Y
3120,247,228,245,,,236,237,238,239,240,234,Y
3125,248,228,245,238,234,237,242,243,244,,,X
3130,249,246,245,238,,237,242,243,244,,,X
3135,245,246,247,238,237,239,242,243,244,,,X
3140,245,246,247,240,237,239,242,243,244,,,X
3145,246,248,247,240,237,234,242,243,244,,,X
3150,246,248,249,240,238,234,233,241,245,250,251,Y
3155,247,248,249,,238,237,233,241,245,250,251,Y
3160,247,242,249,,238,237,233,241,245,250,251,Y
3165,248,242,243,,239,238,233,241,245,250,251,Y
3170,248,242,243,,239,238,233,241,245,250,251,Y
3175,249,244,243,241,239,233,234,240,,,,X
3180,249,244,,241,,233,234,240,,,,X
3185,242,244,,241,233,239,234,240,,,,X
3190,242,,,245,233,239,234,240,,,,X
3195,243,,,245,233,,234,240,,,,X
3200,243,,234,245,241,233,246,247,248,249,242,Y
3205,244,,234,250,241,233,246,247,248,249,242,Y
3210,244,234,240,251,241,,246,247,248,249,242,Y
3215,252,234,240,,245,241,246,247,248,249,242,Y
3220,253,240,252,,245,241,246,247,248,249,242,Y
3225,254,240,252,247,245,246,250,251,,,,X
3230,255,253,252,247,,246,250,251,,,,X
3235,252,253,254,247,246,245,250,251,,,,X
3240,252,253,254,248,246,245,250,251,,,,X
3245,253,255,254,248,246,249,250,251,,,,X
3250,253,255,250,248,247,249,243,244,252,256,257,Y
3255,254,255,250,242,247,246,243,244,252,256,257,Y
3260,254,251,250,242,247,246,243,244,252,256,257,Y
3265,255,251,,242,249,247,243,244,252,256,257,Y
3270,255,251,,,249,247,243,244,252,256,257,Y
3275,250,,,244,249,243,248,242,,,,X
3280,250,,,244,,243,248,242,,,,X
3285,251,,,244,243,249,248,242,,,,X
3290,251,,,252,243,249,248,242,,,,X
3295,258,,,252,243,,248,242,,,,X
3300,259,258,248,252,244,243,253,254,255,250,251,Y
3305,260,258,248,256,244,243,253,254,255,250,251,Y
3310,261,258,242,257,244,,253,254,255,250,251,Y
3315,258,248,242,,252,244,253,254,255,250,251,Y
3320,258,248,259,,252,244,253,254,255,250,251,Y
3325,262,242,259,254,252,253,256,257,,,,X
3330,263,242,259,254,,253,256,257,,,,X
3335,259,260,261,254,253,252,256,257,,,,X
3340,259,260,261,255,253,252,256,257,,,,X
3345,264,260,261,255,253,250,256,257,,,,X
3350,260,262,263,255,254,250,258,259,265,266,267,Y
3355,260,262,263,251,254,253,258,259,265,266,267,Y
3360,261,262,263,251,254,253,258,259,265,266,267,Y
3365,261,256,257,251,250,254,258,259,265,266,267,Y
3370,262,256,257,,250,254,258,259,265,266,267,Y
3375,262,256,257,259,250,258,255,251,,,,X
3380,263,264,,259,,258,255,251,,,,X
3385,263,264,,259,258,250,255,251,,,,X
3390,256,264,,265,258,250,255,251,,,,X
3395,256,,,266,258,,255,251,,,,X
3400,264,,255,267,259,258,260,261,262,263,257,Y
3405,264,,255,,259,258,260,261,262,263,257,Y
3410,268,255,251,,259,,260,261,262,263,257,Y
3415,269,255,251,,,259,260,261,262,263,257,Y
3420,270,251,268,,,259,260,261,262,263,257,Y
3425,271,251,268,261,257,260,265,266,267,,,X
3430,272,269,268,261,,260,265,266,267,,,X
3435,268,269,270,261,260,262,265,266,267,,,X
3440,268,269,270,263,260,262,265,266,267,,,X
3445,269,271,270,263,260,257,265,266,267,,,X
3450,269,271,272,263,261,257,256,264,268,273,274,Y
3455,270,271,272,,261,260,256,264,268,273,274,Y
3460,270,265,272,,261,260,256,264,268,273,274,Y
3465,271,265,266,,262,261,256,264,268,273,274,Y
3470,271,265,266,,262,261,256,264,268,273,274,Y
3475,272,267,266,264,262,256,257,263,,,,X
3480,272,267,,264,,256,257,263,,,,X
3485,265,267,,264,256,262,257,263,,,,X
3490,265,,,268,256,262,257,263,,,,X
3495,266,,,268,256,,257,263,,,,X
3500,266,,257,268,264,256,269,270,271,272,265,Y
3505,267,,257,273,264,256,269,270,271,272,265,Y
3510,267,257,263,274,264,,269,270,271,272,265,Y
3515,275,257,263,,268,264,269,270,271,272,265,Y
3520,276,263,275,,268,264,269,270,271,272,265,Y
3525,277,263,275,270,268,269,273,274,,,,X
3530,278,276,275,270,,269,273,274,,,,X
3535,275,276,277,270,269,268,273,274,,,,X
3540,275,276,277,271,269,268,273,274,,,,X
3545,276,278,277,271,269,272,273,274,,,,X
3550,276,278,273,271,270,272,266,267,275,279,280,Y
3555,277,278,273,265,270,269,266,267,275,279,280,Y
3560,277,274,273,265,270,269,266,267,275,279,280,Y
3565,278,274,,265,272,270,266,267,275,279,280,Y
3570,278,274,,,272,270,266,267,275,279,280,Y
3575,273,,,267,272,266,271,265,,,,X
3580,273,,,267,,266,271,265,,,,X
3585,274,,,267,266,272,271,265,,,,X
3590,274,,,275,266,272,271,265,,,,X
3595,281,,,275,266,,271,265,,,,X
3600,282,281,271,275,267,266,276,277,278,273,274,Y
3605,283,281,271,279,267,266,276,277,278,273,274,Y
3610,284,281,265,280,267,,276,277,278,273,274,Y
3615,281,271,265,,275,267,276,277,278,273,274,Y
3620,281,271,282,,275,267,276,277,278,273,274,Y
3625,285,265,282,277,275,276,279,280,,,,X
3630,286,265,282,277,,276,279,280,,,,X
3635,282,283,284,277,276,275,279,280,,,,X
3640,282,283,284,278,276,275,279,280,,,,X
3645,287,283,284,278,276,273,279,280,,,,X
3650,283,285,286,278,277,273,281,282,288,289,290,Y
3655,283,285,286,274,277,276,281,282,288,289,290,Y
3660,284,285,286,274,277,276,281,282,288,289,290,Y
3665,284,279,280,274,273,277,281,282,288,289,290,Y
3670,285,279,280,,273,277,281,282,288,289,290,Y
3675,285,279,280,282,273,281,278,274,,,,X
3680,286,287,,282,,281,278,274,,,,X
3685,286,287,,282,281,273,278,274,,,,X
3690,279,287,,288,281,273,278,274,,,,X
3695,279,,,289,281,,278,274,,,,X
3700,287,,278,290,282,281,283,284,285,286,280,Y
3705,287,,278,,282,281,283,284,285,286,280,Y
3710,291,278,274,,282,,283,284,285,286,280,Y
3715,292,278,274,,,282,283,284,285,286,280,Y
3720,293,274,291,,,282,283,284,285,286,280,Y
3725,294,274,291,284,280,283,288,289,290,,,X
3730,295,292,291,284,,283,288,289,290,,,X
3735,291,292,293,284,283,285,288,289,290,,,X
3740,291,292,293,286,283,285,288,289,290,,,X
3745,292,294,293,286,283,280,288,289,290,,,X
3750,292,294,295,286,284,280,279,287,291,296,297,Y
3755,293,294,295,,284,283,279,287,291,296,297,Y
3760,293,288,295,,284,283,279,287,291,296,297,Y
3765,294,288,289,,285,284,279,287,291,296,297,Y
3770,294,288,289,,285,284,279,287,291,296,297,Y
3775,295,290,289,287,285,279,280,286,,,,X
3780,295,290,,287,,279,280,286,,,,X
3785,288,290,,287,279,285,280,286,,,,X
3790,288,,,291,279,285,280,286,,,,X
3795,289,,,291,279,,280,286,,,,X
3800,289,,280,291,287,279,292,293,294,295,288,Y
3805,290,,280,296,287,279,292,293,294,295,288,Y
3810,290,280,286,297,287,,292,293,294,295,288,Y
3815,298,280,286,,291,287,292,293,294,295,288,Y
3820,299,286,298,,291,287,292,293,294,295,288,Y
3825,300,286,298,293,291,292,296,297,,,,X
3830,301,299,298,293,,292,296,297,,,,X
3835,298,299,300,293,292,291,296,297,,,,X
3840,298,299,300,294,292,291,296,297,,,,X
3845,299,301,300,294,292,295,296,297,,,,X
3850,299,301,296,294,293,295,289,290,298,302,303,Y
3855,300,301,296,288,293,292,289,290,298,302,303,Y
3860,300,297,296,288,293,292,289,290,298,302,303,Y
3865,301,297,,288,295,293,289,290,298,302,303,Y
3870,301,297,,,295,293,289,290,298,302,303,Y
3875,296,,,290,295,289,294,288,,,,X
3880,296,,,290,,289,294,288,,,,X
3885,297,,,290,289,295,294,288,,,,X
3890,297,,,298,289,295,294,288,,,,X
3895,304,,,298,289,,294,288,,,,X
3900,305,304,294,298,290,289,299,300,301,296,297,Y
3905,306,304,294,302,290,289,299,300,301,296,297,Y
3910,307,304,288,303,290,,299,300,301,296,297,Y
3915,304,294,288,,298,290,299,300,301,296,297,Y
3920,304,294,305,,298,290,299,300,301,296,297,Y
3925,308,288,305,300,298,299,302,303,,,,X
3930,309,288,305,300,,299,302,303,,,,X
3935,305,306,307,300,299,298,302,303,,,,X
3940,305,306,307,301,299,298,302,303,,,,X
3945,310,306,307,301,299,296,302,303,,,,X
3950,306,308,309,301,300,296,304,305,311,312,313,Y
3955,306,308,309,297,300,299,304,305,311,312,313,Y
3960,307,308,309,297,300,299,304,305,311,312,313,Y
3965,307,302,303,297,296,300,304,305,311,312,313,Y
3970,308,302,303,,296,300,304,305,311,312,313,Y
3975,308,302,303,305,296,304,301,297,,,,X
3980,309,310,,305,,304,301,297,,,,X
3985,309,310,,305,304,296,301,297,,,,X
3990,302,310,,311,304,296,301,297,,,,X
3995,302,,,312,304,,301,297,,,,X
4000,310,,301,313,305,304,306,307,308,309,303,Y
4005,310,,301,,305,304,306,307,308,309,303,Y
4010,314,301,297,,305,,306,307,308,309,303,Y
4015,315,301,297,,,305,306,307,308,309,303,Y
4020,316,297,314,,,305,306,307,308,309,303,Y
4025,317,297,314,307,303,306,311,312,313,,,X
4030,318,315,314,307,,306,311,312,313,,,X
4035,314,315,316,307,306,308,311,312,313,,,X
4040,314,315,316,309,306,308,311,312,313,,,X
4045,315,317,316,309,306,303,311,312,313,,,X
4050,315,317,318,309,307,303,302,310,314,319,320,Y
4055,316,317,318,,307,306,302,310,314,319,320,Y
4060,316,311,318,,307,306,302,310,314,319,320,Y
4065,317,311,312,,308,307,302,310,314,319,320,Y
4070,317,311,312,,308,307,302,310,314,319,320,Y
4075,318,313,312,310,308,302,303,309,,,,X
4080,318,313,,310,,302,303,309,,,,X
4085,311,313,,310,302,308,303,309,,,,X
4090,311,,,314,302,308,303,309,,,,X
4095,312,,,314,302,,303,309,,,,X
4100,312,,303,314,310,302,315,316,317,318,311,Y
4105,313,,303,319,310,302,315,316,317,318,311,Y
4110,313,303,309,320,310,,315,316,317,318,311,Y
4115,321,303,309,,314,310,315,316,317,318,311,Y
4120,322,309,321,,314,310,315,316,317,318,311,Y
4125,323,309,321,316,314,315,319,320,,,,X
4130,324,322,321,316,,315,319,320,,,,X
4135,321,322,323,316,315,314,319,320,,,,X
4140,321,322,323,317,315,314,319,320,,,,X
4145,322,324,323,317,315,318,319,320,,,,X
4150,322,324,319,317,316,318,312,313,321,325,326,Y
4155,323,324,319,311,316,315,312,313,321,325,326,Y
4160,323,320,319,311,316,315,312,313,321,325,326,Y
4165,324,320,,311,318,316,312,313,321,325,326,Y
4170,324,320,,,318,316,312,313,321,325,326,Y
4175,319,,,313,318,312,317,311,,,,X
4180,319,,,313,,312,317,311,,,,X
4185,320,,,313,312,318,317,311,,,,X
4190,320,,,321,312,318,317,311,,,,X
4195,327,,,321,312,,317,311,,,,X
4200,328,327,317,321,313,312,322,323,324,319,320,Y
4205,329,327,317,325,313,312,322,323,324,319,320,Y
4210,330,327,311,326,313,,322,323,324,319,320,Y
4215,327,317,311,,321,313,322,323,324,319,320,Y
4220,327,317,328,,321,313,322,323,324,319,320,Y
4225,331,311,328,323,321,322,325,326,,,,X
4230,332,311,328,323,,322,325,326,,,,X
4235,328,329,330,323,322,321,325,326,,,,X
4240,328,329,330,324,322,321,325,326,,,,X
4245,333,329,330,324,322,319,325,326,,,,X
4250,329,331,332,324,323,319,327,328,334,335,336,Y
4255,329,331,332,320,323,322,327,328,334,335,336,Y
4260,330,331,332,320,323,322,327,328,334,335,336,Y
4265,330,325,326,320,319,323,327,328,334,335,336,Y
4270,331,325,326,,319,323,327,328,334,335,336,Y
4275,331,325,326,328,319,327,324,320,,,,X
4280,332,333,,328,,327,324,320,,,,X
4285,332,333,,328,327,319,324,320,,,,X
4290,325,333,,334,327,319,324,320,,,,X
4295,325,,,335,327,,324,320,,,,X
4300,333,,324,336,328,327,329,330,331,332,326,Y
4305,333,,324,,328,327,329,330,331,332,326,Y
4310,337,324,320,,328,,329,330,331,332,326,Y
4315,338,324,320,,,328,329,330,331,332,326,Y
4320,339,320,337,,,328,329,330,331,332,326,Y
4325,340,320,337,330,326,329,334,335,336,,,X
4330,341,338,337,330,,329,334,335,336,,,X
4335,337,338,339,330,329,331,334,335,336,,,X
4340,337,338,339,332,329,331,334,335,336,,,X
4345,338,340,339,332,329,326,334,335,336,,,X
4350,338,340,341,332,330,326,325,333,337,342,343,Y
4355,339,340,341,,330,329,325,333,337,342,343,Y
4360,339,334,341,,330,329,325,333,337,342,343,Y
4365,340,334,335,,331,330,325,333,337,342,343,Y
4370,340,334,335,,331,330,325,333,337,342,343,Y
4375,341,336,335,333,331,325,326,332,,,,X
4380,341,336,,333,,325,326,332,,,,X
4385,334,336,,333,325,331,326,332,,,,X
4390,334,,,337,325,331,326,332,,,,X
4395,335,,,337,325,,326,332,,,,X
4400,335,,326,337,333,325,338,339,340,341,334,Y
4405,336,,326,342,333,325,338,339,340,341,334,Y
4410,336,326,332,343,333,,338,339,340,341,334,Y
4415,344,326,332,,337,333,338,339,340,341,334,Y
4420,345,332,344,,337,333,338,339,340,341,334,Y
4425,346,332,344,339,337,338,342,343,,,,X
4430,347,345,344,339,,338,342,343,,,,X
4435,344,345,346,339,338,337,342,343,,,,X
4440,344,345,346,340,338,337,342,343,,,,X
4445,345,347,346,340,338,341,342,343,,,,X
4450,345,347,342,340,339,341,335,336,344,348,349,Y
4455,346,347,342,334,339,338,335,336,344,348,349,Y
4460,346,343,342,334,339,338,335,336,344,348,349,Y
4465,347,343,,334,341,339,335,336,344,348,349,Y
4470,347,343,,,341,339,335,336,344,348,349,Y
4475,342,,,336,341,335,340,334,,,,X
4480,342,,,336,,335,340,334,,,,X
4485,343,,,336,335,341,340,334,,,,X
4490,343,,,344,335,341,340,334,,,,X
4495,350,,,344,335,,340,334,,,,X
4500,351,350,340,344,336,335,345,346,347,342,343,Y
4505,352,350,340,348,336,335,345,346,347,342,343,Y
4510,353,350,334,349,336,,345,346,347,342,343,Y
4515,350,340,334,,344,336,345,346,347,342,343,Y
4520,350,340,351,,344,336,345,346,347,342,343,Y
4525,354,334,351,346,344,345,348,349,,,,X
4530,355,334,351,346,,345,348,349,,,,X
4535,351,352,353,346,345,344,348,349,,,,X
4540,351,352,353,347,345,344,348,349,,,,X
4545,356,352,353,347,345,342,348,349,,,,X
4550,352,354,355,347,346,342,350,351,357,358,359,Y
4555,352,354,355,343,346,345,350,351,357,358,359,Y
4560,353,354,355,343,346,345,350,351,357,358,359,Y
4565,353,348,349,343,342,346,350,351,357,358,359,Y
4570,354,348,349,,342,346,350,351,357,358,359,Y
4575,354,348,349,351,342,350,347,343,,,,X
4580,355,356,,351,,350,347,343,,,,X
4585,355,356,,351,350,342,347,343,,,,X
4590,348,356,,357,350,342,347,343,,,,X
4595,348,,,358,350,,347,343,,,,X
4600,356,,347,359,351,350,352,353,354,355,349,Y
4605,356,,347,,351,350,352,353,354,355,349,Y
4610,360,347,343,,351,,352,353,354,355,349,Y
4615,361,347,343,,,351,352,353,354,355,349,Y
4620,362,343,360,,,351,352,353,354,355,349,Y
4625,363,343,360,353,349,352,357,358,359,,,X
4630,364,361,360,353,,352,357,358,359,,,X
4635,360,361,362,353,352,354,357,358,359,,,X
4640,360,361,362,355,352,354,357,358,359,,,X
4645,361,363,362,355,352,349,357,358,359,,,X
4650,361,363,364,355,353,349,348,356,360,365,366,Y
4655,362,363,364,,353,352,348,356,360,365,366,Y
4660,362,357,364,,353,352,348,356,360,365,366,Y
4665,363,357,358,,354,353,348,356,360,365,366,Y
4670,363,357,358,,354,353,348,356,360,365,366,Y
4675,364,359,358,356,354,348,349,355,,,,X
4680,364,359,,356,,348,349,355,,,,X
4685,357,359,,356,348,354,349,355,,,,X
4690,357,,,360,348,354,349,355,,,,X
4695,358,,,360,348,,349,355,,,,X
4700,358,,349,360,356,348,361,362,363,364,357,Y
4705,359,,349,365,356,348,361,362,363,364,357,Y
4710,359,349,355,366,356,,361,362,363,364,357,Y
4715,367,349,355,,360,356,361,362,363,364,357,Y
4720,368,355,367,,360,356,361,362,363,364,357,Y
4725,369,355,367,362,360,361,365,366,,,,X
4730,370,368,367,362,,361,365,366,,,,X
4735,367,368,369,362,361,360,365,366,,,,X
4740,367,368,369,363,361,360,365,366,,,,X
4745,368,370,369,363,361,364,365,366,,,,X
4750,368,370,365,363,362,364,358,359,367,371,372,Y
4755,369,370,365,357,362,361,358,359,367,371,372,Y
4760,369,366,365,357,362,361,358,359,367,371,372,Y
4765,370,366,,357,364,362,358,359,367,371,372,Y
4770,370,366,,,364,362,358,359,367,371,372,Y
4775,365,,,359,364,358,363,357,,,,X
4780,365,,,359,,358,363,357,,,,X
4785,366,,,359,358,364,363,357,,,,X
4790,366,,,367,358,364,363,357,,,,X
4795,373,,,367,358,,363,357,,,,X
4800,374,373,363,367,359,358,368,369,370,365,366,Y
4805,375,373,363,371,359,358,368,369,370,365,366,Y
4810,376,373,357,372,359,,368,369,370,365,366,Y
4815,373,363,357,,367,359,368,369,370,365,366,Y
4820,373,363,374,,367,359,368,369,370,365,366,Y
4825,377,357,374,369,367,368,371,372,,,,X
4830,378,357,374,369,,368,371,372,,,,X
4835,374,375,376,369,368,367,371,372,,,,X
4840,374,375,376,370,368,367,371,372,,,,X
4845,379,375,376,370,368,365,371,372,,,,X
4850,375,377,378,370,369,365,373,374,380,381,382,Y
4855,375,377,378,366,369,368,373,374,380,381,382,Y
4860,376,377,378,366,369,368,373,374,380,381,382,Y
4865,376,371,372,366,365,369,373,374,380,381,382,Y
4870,377,371,372,,365,369,373,374,380,381,382,Y
4875,377,371,372,374,365,373,370,366,,,,X
4880,378,379,,374,,373,370,366,,,,X
4885,378,379,,374,373,365,370,366,,,,X
4890,371,379,,380,373,365,370,366,,,,X
4895,371,,,381,373,,370,366,,,,X
4900,379,,370,382,374,373,375,376,377,378,372,Y
4905,379,,370,,374,373,375,376,377,378,372,Y
4910,383,370,366,,374,,375,376,377,378,372,Y
4915,384,370,366,,,374,375,376,377,378,372,Y
4920,385,366,383,,,374,375,376,377,378,372,Y
4925,386,366,383,376,372,375,380,381,382,,,X
4930,387,384,383,376,,375,380,381,382,,,X
4935,383,384,385,376,375,377,380,381,382,,,X
4940,383,384,385,378,375,377,380,381,382,,,X
4945,384,386,385,378,375,372,380,381,382,,,X
4950,384,386,387,378,376,372,371,379,383,388,389,Y
4955,385,386,387,,376,375,371,379,383,388,389,Y
4960,385,380,387,,376,375,371,379,383,388,389,Y
4965,386,380,381,,377,376,371,379,383,388,389,Y
4970,386,380,381,,377,376,371,379,383,388,389,Y
4975,387,382,381,379,377,371,372,378,,,,X
4980,387,382,,379,,371,372,378,,,,X
4985,380,382,,379,371,377,372,378,,,,X
4990,380,,,383,371,377,372,378,,,,X
4995,381,,,383,371,,372,378,,,,X
5000,381,,372,383,379,371,384,385,386,387,380,Y
5005,382,,372,388,379,371,384,385,386,387,380,Y
5010,382,372,378,389,379,,384,385,386,387,380,Y
5015,390,372,378,,383,379,384,385,386,387,380,Y
5020,391,378,390,,383,379,384,385,386,387,380,Y
5025,392,378,390,385,383,384,388,389,,,,X
5030,393,391,390,385,,384,388,389,,,,X
5035,390,391,392,385,384,383,388,389,,,,X
5040,390,391,392,386,384,383,388,389,,,,X
5045,391,393,392,386,384,387,388,389,,,,X
5050,391,393,388,386,385,387,381,382,390,394,395,Y
5055,392,393,388,380,385,384,381,382,390,394,395,Y
5060,392,389,388,380,385,384,381,382,390,394,395,Y
5065,393,389,,380,387,385,381,382,390,394,395,Y
5070,393,389,,,387,385,381,382,390,394,395,Y
5075,388,,,382,387,381,386,380,,,,X
5080,388,,,382,,381,386,380,,,,X
5085,389,,,382,381,387,386,380,,,,X
5090,389,,,390,381,387,386,380,,,,X
5095,396,,,390,381,,386,380,,,,X
5100,397,396,386,390,382,381,391,392,393,388,389,Y
5105,398,396,386,394,382,381,391,392,393,388,389,Y
5110,399,396,380,395,382,,391,392,393,388,389,Y
5115,396,386,380,,390,382,391,392,393,388,389,Y
5120,396,386,397,,390,382,391,392,393,388,389,Y
5125,400,380,397,392,390,391,394,395,,,,X
5130,401,380,397,392,,391,394,395,,,,X
5135,397,398,399,392,391,390,394,395,,,,X
5140,397,398,399,393,391,390,394,395,,,,X
5145,402,398,399,393,391,388,394,395,,,,X
5150,398,400,401,393,392,388,396,397,403,404,405,Y
5155,398,400,401,389,392,391,396,397,403,404,405,Y
5160,399,400,401,389,392,391,396,397,403,404,405,Y
5165,399,394,395,389,388,392,396,397,403,404,405,Y
5170,400,394,395,,388,392,396,397,403,404,405,Y
5175,400,394,395,397,388,396,393,389,,,,X
5180,401,402,,397,,396,393,389,,,,X
5185,401,402,,397,396,388,393,389,,,,X
5190,394,402,,403,396,388,393,389,,,,X
5195,394,,,404,396,,393,389,,,,X
5200,402,,393,405,397,396,398,399,400,401,395,Y
5205,402,,393,,397,396,398,399,400,401,395,Y
5210,406,393,389,,397,,398,399,400,401,395,Y
5215,407,393,389,,,397,398,399,400,401,395,Y
5220,408,389,406,,,397,398,399,400,401,395,Y
5225,409,389,406,399,395,398,403,404,405,,,X
5230,410,407,406,399,,398,403,404,405,,,X
5235,406,407,408,399,398,400,403,404,405,,,X
5240,406,407,408,401,398,400,403,404,405,,,X
5245,407,409,408,401,398,395,403,404,405,,,X
5250,407,409,410,401,399,395,394,402,406,411,412,Y
5255,408,409,410,,399,398,394,402,406,411,412,Y
5260,408,403,410,,399,398,394,402,406,411,412,Y
5265,409,403,404,,400,399,394,402,406,411,412,Y
5270,409,403,404,,400,399,394,402,406,411,412,Y
5275,410,405,404,402,400,394,395,401,,,,X
5280,410,405,,402,,394,395,401,,,,X
5285,403,405,,402,394,400,395,401,,,,X
5290,403,,,406,394,400,395,401,,,,X
5295,404,,,406,394,,395,401,,,,X
5300,404,,395,406,402,394,407,408,409,410,403,Y
5305,405,,395,411,402,394,407,408,409,410,403,Y
5310,405,395,401,412,402,,407,408,409,410,403,Y
5315,413,395,401,,406,402,407,408,409,410,403,Y
5320,414,401,413,,406,402,407,408,409,410,403,Y
5325,415,401,413,408,406,407,411,412,,,,X
5330,416,414,413,408,,407,411,412,,,,X
5335,413,414,415,408,407,406,411,412,,,,X
5340,413,414,415,409,407,406,411,412,,,,X
5345,414,416,415,409,407,410,411,412,,,,X
5350,414,416,411,409,408,410,404,405,413,417,418,Y
5355,415,416,411,403,408,407,404,405,413,417,418,Y
5360,415,412,411,403,408,407,404,405,413,417,418,Y
5365,416,412,,403,410,408,404,405,413,417,418,Y
5370,416,412,,,410,408,404,405,413,417,418,Y
5375,411,,,405,410,404,409,403,,,,X
5380,411,,,405,,404,409,403,,,,X
5385,412,,,405,404,410,409,403,,,,X
5390,412,,,413,404,410,409,403,,,,X
5395,419,,,413,404,,409,403,,,,X
5400,420,419,409,413,405,404,414,415,416,411,412,Y
5405,421,419,409,417,405,404,414,415,416,411,412,Y
5410,422,419,403,418,405,,414,415,416,411,412,Y
5415,419,409,403,,413,405,414,415,416,411,412,Y
5420,419,409,420,,413,405,414,415,416,411,412,Y
5425,423,403,420,415,413,414,417,418,,,,X
5430,424,403,420,415,,414,417,418,,,,X
5435,420,421,422,415,414,413,417,418,,,,X
5440,420,421,422,416,414,413,417,418,,,,X
5445,425,421,422,416,414,411,417,418,,,,X
5450,421,423,424,416,415,411,419,420,426,427,428,Y
5455,421,423,424,412,415,414,419,420,426,427,428,Y
5460,422,423,424,412,415,414,419,420,426,427,428,Y
5465,422,417,418,412,411,415,419,420,426,427,428,Y
5470,423,417,418,,411,415,419,420,426,427,428,Y
5475,423,417,418,420,411,419,416,412,,,,X
5480,424,425,,420,,419,416,412,,,,X
5485,424,425,,420,419,411,416,412,,,,X
5490,417,425,,426,419,411,416,412,,,,X
5495,417,,,427,419,,416,412,,,,X
5500,425,,416,428,420,419,421,422,423,424,418,Y
5505,425,,416,,420,419,421,422,423,424,418,Y
5510,429,416,412,,420,,421,422,423,424,418,Y
5515,430,416,412,,,420,421,422,423,424,418,Y
5520,431,412,429,,,420,421,422,423,424,418,Y
5525,432,412,429,422,418,421,426,427,428,,,X
5530,433,430,429,422,,421,426,427,428,,,X
5535,429,430,431,422,421,423,426,427,428,,,X
5540,429,430,431,424,421,423,426,427,428,,,X
5545,430,432,431,424,421,418,426,427,428,,,X
5550,430,432,433,424,422,418,417,425,429,434,435,Y
5555,431,432,433,,422,421,417,425,429,434,435,Y
5560,431,426,433,,422,421,417,425,429,434,435,Y
5565,432,426,427,,423,422,417,425,429,434,435,Y
5570,432,426,427,,423,422,417,425,429,434,435,Y
5575,433,428,427,425,423,417,418,424,,,,X
5580,433,428,,425,,417,418,424,,,,X
5585,426,428,,425,417,423,418,424,,,,X
5590,426,,,429,417,423,418,424,,,,X
5595,427,,,429,417,,418,424,,,,X
5600,427,,418,429,425,417,430,431,432,433,426,Y
5605,428,,418,434,425,417,430,431,432,433,426,Y
5610,428,418,424,435,425,,430,431,432,433,426,Y
5615,436,418,424,,429,425,430,431,432,433,426,Y
5620,437,424,436,,429,425,430,431,432,433,426,Y
5625,438,424,436,431,429,430,434,435,,,,X
5630,439,437,436,431,,430,434,435,,,,X
5635,436,437,438,431,430,429,434,435,,,,X
5640,436,437,438,432,430,429,434,435,,,,X
5645,437,439,438,432,430,433,434,435,,,,X
5650,437,439,434,432,431,433,427,428,436,440,441,Y
5655,438,439,434,426,431,430,427,428,436,440,441,Y
5660,438,435,434,426,431,430,427,428,436,440,441,Y
5665,439,435,,426,433,431,427,428,436,440,441,Y
5670,439,435,,,433,431,427,428,436,440,441,Y
5675,434,,,428,433,427,432,426,,,,X
5680,434,,,428,,427,432,426,,,,X
5685,435,,,428,427,433,432,426,,,,X
5690,435,,,436,427,433,432,426,,,,X
5695,442,,,436,427,,432,426,,,,X
5700,443,442,432,436,428,427,437,438,439,434,435,Y
5705,444,442,432,440,428,427,437,438,439,434,435,Y
5710,445,442,426,441,428,,437,438,439,434,435,Y
5715,442,432,426,,436,428,437,438,439,434,435,Y
5720,442,432,443,,436,428,437,438,439,434,435,Y
5725,446,426,443,438,436,437,440,441,,,,X
5730,447,426,443,438,,437,440,441,,,,X
5735,443,444,445,438,437,436,440,441,,,,X
5740,443,444,445,439,437,436,440,441,,,,X
5745,448,444,445,439,437,434,440,441,,,,X
5750,444,446,447,439,438,434,442,443,449,450,451,Y
5755,444,446,447,435,438,437,442,443,449,450,451,Y
5760,445,446,447,435,438,437,442,443,449,450,451,Y
5765,445,440,441,435,434,438,442,443,449,450,451,Y
5770,446,440,441,,434,438,442,443,449,450,451,Y
5775,446,440,441,443,434,442,439,435,,,,X
5780,447,448,,443,,442,439,435,,,,X
5785,447,448,,443,442,434,439,435,,,,X
5790,440,448,,449,442,434,439,435,,,,X
5795,440,,,450,442,,439,435,,,,X
5800,448,,439,451,443,442,444,445,446,447,441,Y
5805,448,,439,,443,442,444,445,446,447,441,Y
5810,452,439,435,,443,,444,445,446,447,441,Y
5815,453,439,435,,,443,444,445,446,447,441,Y
5820,454,435,452,,,443,444,445,446,447,441,Y
5825,455,435,452,445,441,444,449,450,451,,,X
5830,456,453,452,445,,444,449,450,451,,,X
5835,452,453,454,445,444,446,449,450,451,,,X
5840,452,453,454,447,444,446,449,450,451,,,X
5845,453,455,454,447,444,441,449,450,451,,,X
5850,453,455,456,447,445,441,440,448,452,457,458,Y
5855,454,455,456,,445,444,440,448,452,457,458,Y
5860,454,449,456,,445,444,440,448,452,457,458,Y
5865,455,449,450,,446,445,440,448,452,457,458,Y
5870,455,449,450,,446,445,440,448,452,457,458,Y
5875,456,451,450,448,446,440,441,447,,,,X
5880,456,451,,448,,440,441,447,,,,X
5885,449,451,,448,440,446,441,447,,,,X
5890,449,,,452,440,446,441,447,,,,X
5895,450,,,452,440,,441,447,,,,X
5900,450,,441,452,448,440,453,454,455,456,449,Y
5905,451,,441,457,448,440,453,454,455,456,449,Y
5910,451,441,447,458,448,,453,454,455,456,449,Y
5915,459,441,447,,452,448,453,454,455,456,449,Y
5920,460,447,459,,452,448,453,454,455,456,449,Y
5925,461,447,459,454,452,453,457,458,,,,X
5930,462,460,459,454,,453,457,458,,,,X
5935,459,460,461,454,453,452,457,458,,,,X
5940,459,460,461,455,453,452,457,458,,,,X
5945,460,462,461,455,453,456,457,458,,,,X
5950,460,462,457,455,454,456,450,451,459,463,464,Y
5955,461,462,457,449,454,453,450,451,459,463,464,Y
5960,461,458,457,449,454,453,450,451,459,463,464,Y
5965,462,458,,449,456,454,450,451,459,463,464,Y
5970,462,458,,,456,454,450,451,459,463,464,Y
5975,457,,,451,456,450,455,449,,,,X
5980,457,,,451,,450,455,449,,,,X
5985,458,,,451,450,456,455,449,,,,X
5990,458,,,459,450,456,455,449,,,,X
5995,465,,,459,450,,455,449,,,,X
6000,466,465,455,459,451,450,460,461,462,457,458,Y
6005,467,465,455,463,451,450,460,461,462,457,458,Y
6010,468,465,449,464,451,,460,461,462,457,458,Y
6015,465,455,449,,459,451,460,461,462,457,458,Y
6020,465,455,466,,459,451,460,461,462,457,458,Y
6025,469,449,466,461,459,460,463,464,,,,X
6030,470,449,466,461,,460,463,464,,,,X
6035,466,467,468,461,460,459,463,464,,,,X
6040,466,467,468,462,460,459,463,464,,,,X
6045,471,467,468,462,460,457,463,464,,,,X
6050,467,469,470,462,461,457,465,466,472,473,474,Y
6055,467,469,470,458,461,460,465,466,472,473,474,Y
6060,468,469,470,458,461,460,465,466,472,473,474,Y
6065,468,463,464,458,457,461,465,466,472,473,474,Y
6070,469,463,464,,457,461,465,466,472,473,474,Y
6075,469,463,464,466,457,465,462,458,,,,X
6080,470,471,,466,,465,462,458,,,,X
6085,470,471,,466,465,457,462,458,,,,X
6090,463,471,,472,465,457,462,458,,,,X
6095,463,,,473,465,,462,458,,,,X
6100,471,,462,474,466,465,467,468,469,470,464,Y
6105,471,,462,,466,465,467,468,469,470,464,Y
6110,475,462,458,,466,,467,468,469,470,464,Y
6115,476,462,458,,,466,467,468,469,470,464,Y
6120,477,458,475,,,466,467,468,469,470,464,Y
6125,478,458,475,468,464,467,472,473,474,,,X
6130,479,476,475,468,,467,472,473,474,,,X
6135,475,476,477,468,467,469,472,473,474,,,X
6140,475,476,477,470,467,469,472,473,474,,,X
6145,476,478,477,470,467,464,472,473,474,,,X
6150,476,478,479,470,468,464,463,471,475,480,481,Y
6155,477,478,479,,468,467,463,471,475,480,481,Y
6160,477,472,479,,468,467,463,471,475,480,481,Y
6165,478,472,473,,469,468,463,471,475,480,481,Y
6170,478,472,473,,469,468,463,471,475,480,481,Y
6175,479,474,473,471,469,463,464,470,,,,X
6180,479,474,,471,,463,464,470,,,,X
6185,472,474,,471,463,469,464,470,,,,X
6190,472,,,475,463,469,464,470,,,,X
6195,473,,,475,463,,464,470,,,,X
6200,473,,464,475,471,463,476,477,478,479,472,Y
6205,474,,464,480,471,463,476,477,478,479,472,Y
6210,474,464,470,481,471,,476,477,478,479,472,Y
6215,482,464,470,,475,471,476,477,478,479,472,Y
6220,483,470,482,,475,471,476,477,478,479,472,Y
6225,484,470,482,477,475,476,480,481,,,,X
6230,485,483,482,477,,476,480,481,,,,X
6235,482,483,484,477,476,475,480,481,,,,X
6240,482,483,484,478,476,475,480,481,,,,X
6245,483,485,484,478,476,479,480,481,,,,X
6250,483,485,480,478,477,479,473,474,482,486,487,Y
6255,484,485,480,472,477,476,473,474,482,486,487,Y
6260,484,481,480,472,477,476,473,474,482,486,487,Y
6265,485,481,,472,479,477,473,474,482,486,487,Y
6270,485,481,,,479,477,473,474,482,486,487,Y
6275,480,,,474,479,473,478,472,,,,X
6280,480,,,474,,473,478,472,,,,X
6285,481,,,474,473,479,478,472,,,,X
6290,481,,,482,473,479,478,472,,,,X
6295,488,,,482,473,,478,472,,,,X
6300,489,488,478,482,474,473,483,484,485,480,481,Y
6305,490,488,478,486,474,473,483,484,485,480,481,Y
6310,491,488,472,487,474,,483,484,485,480,481,Y
6315,488,478,472,,482,474,483,484,485,480,481,Y
6320,488,478,489,,482,474,483,484,485,480,481,Y
6325,492,472,489,484,482,483,486,487,,,,X
6330,493,472,489,484,,483,486,487,,,,X
6335,489,490,491,484,483,482,486,487,,,,X
6340,489,490,491,485,483,482,486,487,,,,X
6345,494,490,491,485,483,480,486,487,,,,X
6350,490,492,493,485,484,480,488,489,495,496,497,Y
6355,490,492,493,481,484,483,488,489,495,496,497,Y
6360,491,492,493,481,484,483,488,489,495,496,497,Y
6365,491,486,487,481,480,484,488,489,495,496,497,Y
6370,492,486,487,,480,484,488,489,495,496,497,Y
6375,492,486,487,489,480,488,485,481,,,,X
6380,493,494,,489,,488,485,481,,,,X
6385,493,494,,489,488,480,485,481,,,,X
6390,486,494,,495,488,480,485,481,,,,X
6395,486,,,496,488,,485,481,,,,X
6400,494,,485,497,489,488,490,491,492,493,487,Y
6405,494,,485,,489,488,490,491,492,493,487,Y
6410,498,485,481,,489,,490,491,492,493,487,Y
6415,499,485,481,,,489,490,491,492,493,487,Y
6420,500,481,498,,,489,490,491,492,493,487,Y
6425,501,481,498,491,487,490,495,496,497,,,X
6430,502,499,498,491,,490,495,496,497,,,X
6435,498,499,500,491,490,492,495,496,497,,,X
6440,498,499,500,493,490,492,495,496,497,,,X
6445,499,501,500,493,490,487,495,496,497,,,X
6450,499,501,502,493,491,487,486,494,498,503,504,Y
6455,500,501,502,,491,490,486,494,498,503,504,Y
6460,500,495,502,,491,490,486,494,498,503,504,Y
6465,501,495,496,,492,491,486,494,498,503,504,Y
6470,501,495,496,,492,491,486,494,498,503,504,Y
6475,502,497,496,494,492,486,487,493,,,,X
6480,502,497,,494,,486,487,493,,,,X
6485,495,497,,494,486,492,487,493,,,,X
6490,495,,,498,486,492,487,493,,,,X
6495,496,,,498,486,,487,493,,,,X
6500,496,,487,498,494,486,499,500,501,502,495,Y
6505,497,,487,503,494,486,499,500,501,502,495,Y
6510,497,487,493,504,494,,499,500,501,502,495,Y
6515,505,487,493,,498,494,499,500,501,502,495,Y
6520,506,493,505,,498,494,499,500,501,502,495,Y
6525,507,493,505,500,498,499,503,504,,,,X
6530,508,506,505,500,,499,503,504,,,,X
6535,505,506,507,500,499,498,503,504,,,,X
6540,505,506,507,501,499,498,503,504,,,,X
6545,506,508,507,501,499,502,503,504,,,,X
6550,506,508,503,501,500,502,496,497,505,509,510,Y
6555,507,508,503,495,500,499,496,497,505,509,510,Y
6560,507,504,503,495,500,499,496,497,505,509,510,Y
6565,508,504,,495,502,500,496,497,505,509,510,Y
6570,508,504,,,502,500,496,497,505,509,510,Y
6575,503,,,497,502,496,501,495,,,,X
6580,503,,,497,,496,501,495,,,,X
6585,504,,,497,496,502,501,495,,,,X
6590,504,,,505,496,502,501,495,,,,X
6595,511,,,505,496,,501,495,,,,X
6600,512,511,501,505,497,496,506,507,508,503,504,Y
6605,513,511,501,509,497,496,506,507,508,503,504,Y
6610,514,511,495,510,497,,506,507,508,503,504,Y
6615,511,501,495,,505,497,506,507,508,503,504,Y
6620,511,501,512,,505,497,506,507,508,503,504,Y
6625,515,495,512,507,505,506,509,510,,,,X
6630,516,495,512,507,,506,509,510,,,,X
6635,512,513,514,507,506,505,509,510,,,,X
6640,512,513,514,508,506,505,509,510,,,,X
6645,517,513,514,508,506,503,509,510,,,,X
6650,513,515,516,508,507,503,511,512,518,519,520,Y
6655,513,515,516,504,507,506,511,512,518,519,520,Y
6660,514,515,516,504,507,506,511,512,518,519,520,Y
6665,514,509,510,504,503,507,511,512,518,519,520,Y
6670,515,509,510,,503,507,511,512,518,519,520,Y
6675,515,509,510,512,503,511,508,504,,,,X
6680,516,517,,512,,511,508,504,,,,X
6685,516,517,,512,511,503,508,504,,,,X
6690,509,517,,518,511,503,508,504,,,,X
6695,509,,,519,511,,508,504,,,,X
6700,517,,508,520,512,511,513,514,515,516,510,Y
6705,517,,508,,512,511,513,514,515,516,510,Y
6710,521,508,504,,512,,513,514,515,516,510,Y
6715,522,508,504,,,512,513,514,515,516,510,Y
6720,523,504,521,,,512,513,514,515,516,510,Y
6725,524,504,521,514,510,513,518,519,520,,,X
6730,525,522,521,514,,513,518,519,520,,,X
6735,521,522,523,514,513,515,518,519,520,,,X
6740,521,522,523,516,513,515,518,519,520,,,X
6745,522,524,523,516,513,510,518,519,520,,,X
6750,522,524,525,516,514,510,509,517,521,526,527,Y
6755,523,524,525,,514,513,509,517,521,526,527,Y
6760,523,518,525,,514,513,509,517,521,526,527,Y
6765,524,518,519,,515,514,509,517,521,526,527,Y
6770,524,518,519,,515,514,509,517,521,526,527,Y
6775,525,520,519,517,515,509,510,516,,,,X
6780,525,520,,517,,509,510,516,,,,X
6785,518,520,,517,509,515,510,516,,,,X
6790,518,,,521,509,515,510,516,,,,X
6795,519,,,521,509,,510,516,,,,X
6800,519,,510,521,517,509,522,523,524,525,518,Y
6805,520,,510,526,517,509,522,523,524,525,518,Y
6810,520,510,516,527,517,,522,523,524,525,518,Y
6815,528,510,516,,521,517,522,523,524,525,518,Y
6820,529,516,528,,521,517,522,523,524,525,518,Y
6825,530,516,528,523,521,522,526,527,,,,X
6830,531,529,528,523,,522,526,527,,,,X
6835,528,529,530,523,522,521,526,527,,,,X
6840,528,529,530,524,522,521,526,527,,,,X
6845,529,531,530,524,522,525,526,527,,,,X
6850,529,531,526,524,523,525,519,520,528,532,533,Y
6855,530,531,526,518,523,522,519,520,528,532,533,Y
6860,530,527,526,518,523,522,519,520,528,532,533,Y
6865,531,527,,518,525,523,519,520,528,532,533,Y
6870,531,527,,,525,523,519,520,528,532,533,Y
6875,526,,,520,525,519,524,518,,,,X
6880,526,,,520,,519,524,518,,,,X
6885,527,,,520,519,525,524,518,,,,X
6890,527,,,528,519,525,524,518,,,,X
6895,534,,,528,519,,524,518,,,,X
6900,535,534,524,528,520,519,529,530,531,526,527,Y
6905,536,534,524,532,520,519,529,530,531,526,527,Y
6910,537,534,518,533,520,,529,530,531,526,527,Y
6915,534,524,518,,528,520,529,530,531,526,527,Y
6920,534,524,535,,528,520,529,530,531,526,527,Y
6925,538,518,535,530,528,529,532,533,,,,X
6930,539,518,535,530,,529,532,533,,,,X
6935,535,536,537,530,529,528,532,533,,,,X
6940,535,536,537,531,529,528,532,533,,,,X
6945,540,536,537,531,529,526,532,533,,,,X
6950,536,538,539,531,530,526,534,535,541,542,543,Y
6955,536,538,539,527,530,529,534,535,541,542,543,Y
6960,537,538,539,527,530,529,534,535,541,542,543,Y
6965,537,532,533,527,526,530,534,535,541,542,543,Y
6970,538,532,533,,526,530,534,535,541,542,543,Y
6975,538,532,533,535,526,534,531,527,,,,X
6980,539,540,,535,,534,531,527,,,,X
6985,539,540,,535,534,526,531,527,,,,X
6990,532,540,,541,534,526,531,527,,,,X
6995,532,,,542,534,,531,527,,,,X
7000,540,,531,543,535,534,536,537,538,539,533,Y
7005,540,,531,,535,534,536,537,538,539,533,Y
7010,544,531,527,,535,,536,537,538,539,533,Y
7015,545,531,527,,,535,536,537,538,539,533,Y
7020,546,527,544,,,535,536,537,538,539,533,Y
7025,547,527,544,537,533,536,541,542,543,,,X
7030,548,545,544,537,,536,541,542,543,,,X
7035,544,545,546,537,536,538,541,542,543,,,X
7040,544,545,546,539,536,538,541,542,543,,,X
7045,545,547,546,539,536,533,541,542,543,,,X
7050,545,547,548,539,537,533,532,540,544,549,550,Y
7055,546,547,548,,537,536,532,540,544,549,550,Y
7060,546,541,548,,537,536,532,540,544,549,550,Y
7065,547,541,542,,538,537,532,540,544,549,550,Y
7070,547,541,542,,538,537,532,540,544,549,550,Y
7075,548,543,542,540,538,532,533,539,,,,X
7080,548,543,,540,,532,533,539,,,,X
7085,541,543,,540,532,538,533,539,,,,X
7090,541,,,544,532,538,533,539,,,,X
7095,542,,,544,532,,533,539,,,,X
7100,542,,533,544,540,532,545,546,547,548,541,Y
7105,543,,533,549,540,532,545,546,547,548,541,Y
7110,543,533,539,550,540,,545,546,547,548,541,Y
7115,551,533,539,,544,540,545,546,547,548,541,Y
7120,552,539,551,,544,540,545,546,547,548,541,Y
7125,553,539,551,546,544,545,549,550,,,,X
7130,554,552,551,546,,545,549,550,,,,X
7135,551,552,553,546,545,544,549,550,,,,X
7140,551,552,553,547,545,544,549,550,,,,X
7145,552,554,553,547,545,548,549,550,,,,X
7150,552,554,549,547,546,548,542,543,551,555,556,Y
7155,553,554,549,541,546,545,542,543,551,555,556,Y
7160,553,550,549,541,546,545,542,543,551,555,556,Y
7165,554,550,,541,548,546,542,543,551,555,556,Y
7170,554,550,,,548,546,542,543,551,555,556,Y
7175,549,,,543,548,542,547,541,,,,X
7180,549,,,543,,542,547,541,,,,X
7185,550,,,543,542,548,547,541,,,,X
7190,550,,,551,542,548,547,541,,,,X
7195,557,,,551,542,,547,541,,,,X
7200,558,557,547,551,543,542,552,553,554,549,550,Y
7205,559,557,547,555,543,542,552,553,554,549,550,Y
7210,560,557,541,556,543,,552,553,554,549,550,Y
7215,557,547,541,,551,543,552,553,554,549,550,Y
7220,557,547,558,,551,543,552,553,554,549,550,Y
7225,561,541,558,553,551,552,555,556,,,,X
7230,562,541,558,553,,552,555,556,,,,X
7235,558,559,560,553,552,551,555,556,,,,X
7240,558,559,560,554,552,551,555,556,,,,X
7245,563,559,560,554,552,549,555,556,,,,X
7250,559,561,562,554,553,549,557,558,564,565,566,Y
7255,559,561,562,550,553,552,557,558,564,565,566,Y
7260,560,561,562,550,553,552,557,558,564,565,566,Y
7265,560,555,556,550,549,553,557,558,564,565,566,Y
7270,561,555,556,,549,553,557,558,564,565,566,Y
7275,561,555,556,558,549,557,554,550,,,,X
7280,562,563,,558,,557,554,550,,,,X
7285,562,563,,558,557,549,554,550,,,,X
7290,555,563,,564,557,549,554,550,,,,X
7295,555,,,565,557,,554,550,,,,X
7300,563,,554,566,558,557,559,560,561,562,556,Y
7305,563,,554,,558,557,559,560,561,562,556,Y
7310,567,554,550,,558,,559,560,561,562,556,Y
7315,568,554,550,,,558,559,560,561,562,556,Y
7320,569,550,567,,,558,559,560,561,562,556,Y
7325,570,550,567,560,556,559,564,565,566,,,X
7330,571,568,567,560,,559,564,565,566,,,X
7335,567,568,569,560,559,561,564,565,566,,,X
7340,567,568,569,562,559,561,564,565,566,,,X
7345,568,570,569,562,559,556,564,565,566,,,X
7350,568,570,571,562,560,556,555,563,567,572,573,Y
7355,569,570,571,,560,559,555,563,567,572,573,Y
7360,569,564,571,,560,559,555,563,567,572,573,Y
7365,570,564,565,,561,560,555,563,567,572,573,Y
7370,570,564,565,,561,560,555,563,567,572,573,Y
7375,571,566,565,563,561,555,556,562,,,,X
7380,571,566,,563,,555,556,562,,,,X
7385,564,566,,563,555,561,556,562,,,,X
7390,564,,,567,555,561,556,562,,,,X
7395,565,,,567,555,,556,562,,,,X
7400,565,,556,567,563,555,568,569,570,571,564,Y
7405,566,,556,572,563,555,568,569,570,571,564,Y
7410,566,556,562,573,563,,568,569,570,571,564,Y
7415,574,556,562,,567,563,568,569,570,571,564,Y
7420,575,562,574,,567,563,568,569,570,571,564,Y
7425,576,562,574,569,567,568,572,573,,,,X
7430,577,575,574,569,,568,572,573,,,,X
7435,574,575,576,569,568,567,572,573,,,,X
7440,574,575,576,570,568,567,572,573,,,,X
7445,575,577,576,570,568,571,572,573,,,,X
7450,575,577,572,570,569,571,565,566,574,578,579,Y
7455,576,577,572,564,569,568,565,566,574,578,579,Y
7460,576,573,572,564,569,568,565,566,574,578,579,Y
7465,577,573,,564,571,569,565,566,574,578,579,Y
7470,577,573,,,571,569,565,566,574,578,579,Y
7475,572,,,566,571,565,570,564,,,,X
7480,572,,,566,,565,570,564,,,,X
7485,573,,,566,565,571,570,564,,,,X
7490,573,,,574,565,571,570,564,,,,X
7495,580,,,574,565,,570,564,,,,X
7500,581,580,570,574,566,565,575,576,577,572,573,Y
7505,582,580,570,578,566,565,575,576,577,572,573,Y
7510,583,580,564,579,566,,575,576,577,572,573,Y
7515,580,570,564,,574,566,575,576,577,572,573,Y
7520,580,570,581,,574,566,575,576,577,572,573,Y
7525,584,564,581,576,574,575,578,579,,,,X
7530,585,564,581,576,,575,578,579,,,,X
7535,581,582,583,576,575,574,578,579,,,,X
7540,581,582,583,577,575,574,578,579,,,,X
7545,586,582,583,577,575,572,578,579,,,,X
7550,582,584,585,577,576,572,580,581,587,588,589,Y
7555,582,584,585,573,576,575,580,581,587,588,589,Y
7560,583,584,585,573,576,575,580,581,587,588,589,Y
7565,583,578,579,573,572,576,580,581,587,588,589,Y
7570,584,578,579,,572,576,580,581,587,588,589,Y
7575,584,578,579,581,572,580,577,573,,,,X
7580,585,586,,581,,580,577,573,,,,X
7585,585,586,,581,580,572,577,573,,,,X
7590,578,586,,587,580,572,577,573,,,,X
7595,578,,,588,580,,577,573,,,,X
7600,586,,577,589,581,580,582,583,584,585,579,Y
7605,586,,577,,581,580,582,583,584,585,579,Y
7610,590,577,573,,581,,582,583,584,585,579,Y
7615,591,577,573,,,581,582,583,584,585,579,Y
7620,592,573,590,,,581,582,583,584,585,579,Y
7625,593,573,590,583,579,582,587,588,589,,,X
7630,594,591,590,583,,582,587,588,589,,,X
7635,590,591,592,583,582,584,587,588,589,,,X
7640,590,591,592,585,582,584,587,588,589,,,X
7645,591,593,592,585,582,579,587,588,589,,,X
7650,591,593,594,585,583,579,578,586,590,595,596,Y
7655,592,593,594,,583,582,578,586,590,595,596,Y
7660,592,587,594,,583,582,578,586,590,595,596,Y
7665,593,587,588,,584,583,578,586,590,595,596,Y
7670,593,587,588,,584,583,578,586,590,595,596,Y
7675,594,589,588,586,584,578,579,585,,,,X
7680,594,589,,586,,578,579,585,,,,X
7685,587,589,,586,578,584,579,585,,,,X
7690,587,,,590,578,584,579,585,,,,X
7695,588,,,590,578,,579,585,,,,X
7700,588,,579,590,586,578,591,592,593,594,587,Y
7705,589,,579,595,586,578,591,592,593,594,587,Y
7710,589,579,585,596,586,,591,592,593,594,587,Y
7715,597,579,585,,590,586,591,592,593,594,587,Y
7720,598,585,597,,590,586,591,592,593,594,587,Y
7725,599,585,597,592,590,591,595,596,,,,X
7730,600,598,597,592,,591,595,596,,,,X
7735,597,598,599,592,591,590,595,596,,,,X
7740,597,598,599,593,591,590,595,596,,,,X
7745,598,600,599,593,591,594,595,596,,,,X
7750,598,600,595,593,592,594,588,589,597,601,602,Y
7755,599,600,595,587,592,591,588,589,597,601,602,Y
7760,599,596,595,587,592,591,588,589,597,601,602,Y
7765,600,596,,587,594,592,588,589,597,601,602,Y
7770,600,596,,,594,592,588,589,597,601,602,Y
7775,595,,,589,594,588,593,587,,,,X
7780,595,,,589,,588,593,587,,,,X
7785,596,,,589,588,594,593,587,,,,X
7790,596,,,597,588,594,593,587,,,,X
7795,603,,,597,588,,593,587,,,,X
7800,604,603,593,597,589,588,598,599,600,595,596,Y
7805,605,603,593,601,589,588,598,599,600,595,596,Y
7810,606,603,587,602,589,,598,599,600,595,596,Y
7815,603,593,587,,597,589,598,599,600,595,596,Y
7820,603,593,604,,597,589,598,599,600,595,596,Y
7825,607,587,604,599,597,598,601,602,,,,X
7830,608,587,604,599,,598,601,602,,,,X
7835,604,605,606,599,598,597,601,602,,,,X
7840,604,605,606,600,598,597,601,602,,,,X
7845,609,605,606,600,598,595,601,602,,,,X
7850,605,607,608,600,599,595,603,604,610,611,612,Y
7855,605,607,608,596,599,598,603,604,610,611,612,Y
7860,606,607,608,596,599,598,603,604,610,611,612,Y
7865,606,601,602,596,595,599,603,604,610,611,612,Y
7870,607,601,602,,595,599,603,604,610,611,612,Y
7875,607,601,602,604,595,603,600,596,,,,X
7880,608,609,,604,,603,600,596,,,,X
7885,608,609,,604,603,595,600,596,,,,X
7890,601,609,,610,603,595,600,596,,,,X
7895,601,,,611,603,,600,596,,,,X
7900,609,,600,612,604,603,605,606,607,608,602,Y
7905,609,,600,,604,603,605,606,607,608,602,Y
7910,613,600,596,,604,,605,606,607,608,602,Y
7915,614,600,596,,,604,605,606,607,608,602,Y
7920,615,596,613,,,604,605,606,607,608,602,Y
7925,616,596,613,606,602,605,610,611,612,,,X
7930,617,614,613,606,,605,610,611,612,,,X
7935,613,614,615,606,605,607,610,611,612,,,X
7940,613,614,615,608,605,607,610,611,612,,,X
7945,614,616,615,608,605,602,610,611,612,,,X
7950,614,616,617,608,606,602,601,609,613,618,619,Y
7955,615,616,617,,606,605,601,609,613,618,619,Y
7960,615,610,617,,606,605,601,609,613,618,619,Y
7965,616,610,611,,607,606,601,609,613,618,619,Y
7970,616,610,611,,607,606,601,609,613,618,619,Y
7975,617,612,611,609,607,601,602,608,,,,X
7980,617,612,,609,,601,602,608,,,,X
7985,610,612,,609,601,607,602,608,,,,X
7990,610,,,613,601,607,602,608,,,,X
7995,611,,,613,601,,602,608,,,,X
8000,611,,602,613,609,601,614,615,616,617,610,Y
8005,612,,602,618,609,601,614,615,616,617,610,Y
8010,612,602,608,619,609,,614,615,616,617,610,Y
8015,620,602,608,,613,609,614,615,616,617,610,Y
8020,621,608,620,,613,609,614,615,616,617,610,Y
8025,622,608,620,615,613,614,618,619,,,,X
8030,623,621,620,615,,614,618,619,,,,X
8035,620,621,622,615,614,613,618,619,,,,X
8040,620,621,622,616,614,613,618,619,,,,X
8045,621,623,622,616,614,617,618,619,,,,X
8050,621,623,618,616,615,617,611,612,620,624,625,Y
8055,622,623,618,610,615,614,611,612,620,624,625,Y
8060,622,619,618,610,615,614,611,612,620,624,625,Y
8065,623,619,,610,617,615,611,612,620,624,625,Y
8070,623,619,,,617,615,611,612,620,624,625,Y
8075,618,,,612,617,611,616,610,,,,X
8080,618,,,612,,611,616,610,,,,X
8085,619,,,612,611,617,616,610,,,,X
8090,619,,,620,611,617,616,610,,,,X
8095,626,,,620,611,,616,610,,,,X
8100,627,626,616,620,612,611,621,622,623,618,619,Y
8105,628,626,616,624,612,611,621,622,623,618,619,Y
8110,629,626,610,625,612,,621,622,623,618,619,Y
8115,626,616,610,,620,612,621,622,623,618,619,Y
8120,626,616,627,,620,612,621,622,623,618,619,Y
8125,630,610,627,622,620,621,624,625,,,,X
8130,631,610,627,622,,621,624,625,,,,X
8135,627,628,629,622,621,620,624,625,,,,X
8140,627,628,629,623,621,620,624,625,,,,X
8145,632,628,629,623,621,618,624,625,,,,X
8150,628,630,631,623,622,618,626,627,633,634,635,Y
8155,628,630,631,619,622,621,626,627,633,634,635,Y
8160,629,630,631,619,622,621,626,627,633,634,635,Y
8165,629,624,625,619,618,622,626,627,633,634,635,Y
8170,630,624,625,,618,622,626,627,633,634,635,Y
8175,630,624,625,627,618,626,623,619,,,,X
8180,631,632,,627,,626,623,619,,,,X
8185,631,632,,627,626,618,623,619,,,,X
8190,624,632,,633,626,618,623,619,,,,X
8195,624,,,634,626,,623,619,,,,X
8200,632,,623,635,627,626,628,629,630,631,625,Y
8205,632,,623,,627,626,628,629,630,631,625,Y
8210,636,623,619,,627,,628,629,630,631,625,Y
8215,637,623,619,,,627,628,629,630,631,625,Y
8220,638,619,636,,,627,628,629,630,631,625,Y
8225,639,619,636,629,625,628,633,634,635,,,X
8230,640,637,636,629,,628,633,634,635,,,X
8235,636,637,638,629,628,630,633,634,635,,,X
8240,636,637,638,631,628,630,633,634,635,,,X
8245,637,639,638,631,628,625,633,634,635,,,X
8250,637,639,640,631,629,625,624,632,636,641,642,Y
8255,638,639,640,,629,628,624,632,636,641,642,Y
8260,638,633,640,,629,628,624,632,636,641,642,Y
8265,639,633,634,,630,629,624,632,636,641,642,Y
8270,639,633,634,,630,629,624,632,636,641,642,Y
8275,640,635,634,632,630,624,625,631,,,,X
8280,640,635,,632,,624,625,631,,,,X
8285,633,635,,632,624,630,625,631,,,,X
8290,633,,,636,624,630,625,631,,,,X
8295,634,,,636,624,,625,631,,,,X
8300,634,,625,636,632,624,637,638,639,640,633,Y
8305,635,,625,641,632,624,637,638,639,640,633,Y
8310,635,625,631,642,632,,637,638,639,640,633,Y
8315,643,625,631,,636,632,637,638,639,640,633,Y
8320,644,631,643,,636,632,637,638,639,640,633,Y
8325,645,631,643,638,636,637,641,642,,,,X
8330,646,644,643,638,,637,641,642,,,,X
8335,643,644,645,638,637,636,641,642,,,,X
8340,643,644,645,639,637,636,641,642,,,,X
8345,644,646,645,639,637,640,641,642,,,,X
8350,644,646,641,639,638,640,634,635,643,647,648,Y
8355,645,646,641,633,638,637,634,635,643,647,648,Y
8360,645,642,641,633,638,637,634,635,643,647,648,Y
8365,646,642,,633,640,638,634,635,643,647,648,Y
8370,646,642,,,640,638,634,635,643,647,648,Y
8375,641,,,635,640,634,639,633,,,,X
8380,641,,,635,,634,639,633,,,,X
8385,642,,,635,634,640,639,633,,,,X
8390,642,,,643,634,640,639,633,,,,X
8395,649,,,643,634,,639,633,,,,X
8400,650,649,639,643,635,634,644,645,646,641,642,Y
8405,651,649,639,647,635,634,644,645,646,641,642,Y
8410,652,649,633,648,635,,644,645,646,641,642,Y
8415,649,639,633,,643,635,644,645,646,641,642,Y
8420,649,639,650,,643,635,644,645,646,641,642,Y
8425,653,633,650,645,643,644,647,648,,,,X
8430,654,633,650,645,,644,647,648,,,,X
8435,650,651,652,645,644,643,647,648,,,,X
8440,650,651,652,646,644,643,647,648,,,,X
8445,655,651,652,646,644,641,647,648,,,,X
8450,651,653,654,646,645,641,649,650,656,657,658,Y
8455,651,653,654,642,645,644,649,650,656,657,658,Y
8460,652,653,654,642,645,644,649,650,656,657,658,Y
8465,652,647,648,642,641,645,649,650,656,657,658,Y
8470,653,647,648,,641,645,649,650,656,657,658,Y
8475,653,647,648,650,641,649,646,642,,,,X
8480,654,655,,650,,649,646,642,,,,X
8485,654,655,,650,649,641,646,642,,,,X
8490,647,655,,656,649,641,646,642,,,,X
8495,647,,,657,649,,646,642,,,,X
8500,655,,646,658,650,649,651,652,653,654,648,Y
8505,655,,646,,650,649,651,652,653,654,648,Y
8510,659,646,642,,650,,651,652,653,654,648,Y
8515,660,646,642,,,650,651,652,653,654,648,Y
8520,661,642,659,,,650,651,652,653,654,648,Y
8525,662,642,659,652,648,651,656,657,658,,,X
8530,663,660,659,652,,651,656,657,658,,,X
8535,659,660,661,652,651,653,656,657,658,,,X
8540,659,660,661,654,651,653,656,657,658,,,X
8545,660,662,661,654,651,648,656,657,658,,,X
8550,660,662,663,654,652,648,647,655,659,664,665,Y
8555,661,662,663,,652,651,647,655,659,664,665,Y
8560,661,656,663,,652,651,647,655,659,664,665,Y
8565,662,656,657,,653,652,647,655,659,664,665,Y
8570,662,656,657,,653,652,647,655,659,664,665,Y
8575,663,658,657,655,653,647,648,654,,,,X
8580,663,658,,655,,647,648,654,,,,X
8585,656,658,,655,647,653,648,654,,,,X
8590,656,,,659,647,653,648,654,,,,X
8595,657,,,659,647,,648,654,,,,X
8600,657,,648,659,655,647,660,661,662,663,656,Y
8605,658,,648,664,655,647,660,661,662,663,656,Y
8610,658,648,654,665,655,,660,661,662,663,656,Y
8615,666,648,654,,659,655,660,661,662,663,656,Y
8620,667,654,666,,659,655,660,661,662,663,656,Y
8625,668,654,666,661,659,660,664,665,,,,X
8630,669,667,666,661,,660,664,665,,,,X
8635,666,667,668,661,660,659,664,665,,,,X
8640,666,667,668,662,660,659,664,665,,,,X
8645,667,669,668,662,660,663,664,665,,,,X
8650,667,669,664,662,661,663,657,658,666,670,671,Y
8655,668,669,664,656,661,660,657,658,666,670,671,Y
8660,668,665,664,656,661,660,657,658,666,670,671,Y
8665,669,665,,656,663,661,657,658,666,670,671,Y
8670,669,665,,,663,661,657,658,666,670,671,Y
8675,664,,,658,663,657,662,656,,,,X
8680,664,,,658,,657,662,656,,,,X
8685,665,,,658,657,663,662,656,,,,X
8690,665,,,666,657,663,662,656,,,,X
8695,672,,,666,657,,662,656,,,,X
8700,673,672,662,666,658,657,667,668,669,664,665,Y
8705,674,672,662,670,658,657,667,668,669,664,665,Y
8710,675,672,656,671,658,,667,668,669,664,665,Y
8715,672,662,656,,666,658,667,668,669,664,665,Y
8720,672,662,673,,666,658,667,668,669,664,665,Y
8725,676,656,673,668,666,667,670,671,,,,X
8730,677,656,673,668,,667,670,671,,,,X
8735,673,674,675,668,667,666,670,671,,,,X
8740,673,674,675,669,667,666,670,671,,,,X
8745,678,674,675,669,667,664,670,671,,,,X
8750,674,676,677,669,668,664,672,673,679,680,681,Y
8755,674,676,677,665,668,667,672,673,679,680,681,Y
8760,675,676,677,665,668,667,672,673,679,680,681,Y
8765,675,670,671,665,664,668,672,673,679,680,681,Y
8770,676,670,671,,664,668,672,673,679,680,681,Y
8775,676,670,671,673,664,672,669,665,,,,X
8780,677,678,,673,,672,669,665,,,,X
8785,677,678,,673,672,664,669,665,,,,X
8790,670,678,,679,672,664,669,665,,,,X
8795,670,,,680,672,,669,665,,,,X
8800,678,,669,681,673,672,674,675,676,677,671,Y
8805,678,,669,,673,672,674,675,676,677,671,Y
8810,682,669,665,,673,,674,675,676,677,671,Y
8815,683,669,665,,,673,674,675,676,677,671,Y
8820,684,665,682,,,673,674,675,676,677,671,Y
8825,685,665,682,675,671,674,679,680,681,,,X
8830,686,683,682,675,,674,679,680,681,,,X
8835,682,683,684,675,674,676,679,680,681,,,X
8840,682,683,684,677,674,676,679,680,681,,,X
8845,683,685,684,677,674,671,679,680,681,,,X
8850,683,685,686,677,675,671,670,678,682,687,688,Y
8855,684,685,686,,675,674,670,678,682,687,688,Y
8860,684,679,686,,675,674,670,678,682,687,688,Y
8865,685,679,680,,676,675,670,678,682,687,688,Y
8870,685,679,680,,676,675,670,678,682,687,688,Y
8875,686,681,680,678,676,670,671,677,,,,X
8880,686,681,,678,,670,671,677,,,,X
8885,679,681,,678,670,676,671,677,,,,X
8890,679,,,682,670,676,671,677,,,,X
8895,680,,,682,670,,671,677,,,,X
8900,680,,671,682,678,670,683,684,685,686,679,Y
8905,681,,671,687,678,670,683,684,685,686,679,Y
8910,681,671,677,688,678,,683,684,685,686,679,Y
8915,689,671,677,,682,678,683,684,685,686,679,Y
8920,690,677,689,,682,678,683,684,685,686,679,Y
8925,691,677,689,684,682,683,687,688,,,,X
8930,692,690,689,684,,683,687,688,,,,X
8935,689,690,691,684,683,682,687,688,,,,X
8940,689,690,691,685,683,682,687,688,,,,X
8945,690,692,691,685,683,686,687,688,,,,X
8950,690,692,687,685,684,686,680,681,689,693,694,Y
8955,691,692,687,679,684,683,680,681,689,693,694,Y
8960,691,688,687,679,684,683,680,681,689,693,694,Y
8965,692,688,,679,686,684,680,681,689,693,694,Y
8970,692,688,,,686,684,680,681,689,693,694,Y
8975,687,,,681,686,680,685,679,,,,X
8980,687,,,681,,680,685,679,,,,X
8985,688,,,681,680,686,685,679,,,,X
8990,688,,,689,680,686,685,679,,,,X
8995,695,,,689,680,,685,679,,,,X
9000,696,695,685,689,681,680,690,691,692,687,688,Y
9005,697,695,685,693,681,680,690,691,692,687,688,Y
9010,698,695,679,694,681,,690,691,692,687,688,Y
9015,695,685,679,,689,681,690,691,692,687,688,Y
9020,695,685,696,,689,681,690,691,692,687,688,Y
9025,699,679,696,691,689,690,693,694,,,,X
9030,700,679,696,691,,690,693,694,,,,X
9035,696,697,698,691,690,689,693,694,,,,X
9040,696,697,698,692,690,689,693,694,,,,X
9045,701,697,698,692,690,687,693,694,,,,X
9050,697,699,700,692,691,687,695,696,702,703,704,Y
9055,697,699,700,688,691,690,695,696,702,703,704,Y
9060,698,699,700,688,691,690,695,696,702,703,704,Y
9065,698,693,694,688,687,691,695,696,702,703,704,Y
9070,699,693,694,,687,691,695,696,702,703,704,Y
9075,699,693,694,696,687,695,692,688,,,,X
9080,700,701,,696,,695,692,688,,,,X
9085,700,701,,696,695,687,692,688,,,,X
9090,693,701,,702,695,687,692,688,,,,X
9095,693,,,703,695,,692,688,,,,X
9100,701,,692,704,696,695,697,698,699,700,694,Y
9105,701,,692,,696,695,697,698,699,700,694,Y
9110,705,692,688,,696,,697,698,699,700,694,Y
9115,706,692,688,,,696,697,698,699,700,694,Y
9120,707,688,705,,,696,697,698,699,700,694,Y
9125,708,688,705,698,694,697,702,703,704,,,X
9130,709,706,705,698,,697,702,703,704,,,X
9135,705,706,707,698,697,699,702,703,704,,,X
9140,705,706,707,700,697,699,702,703,704,,,X
9145,706,708,707,700,697,694,702,703,704,,,X
9150,706,708,709,700,698,694,693,701,705,710,711,Y
9155,707,708,709,,698,697,693,701,705,710,711,Y
9160,707,702,709,,698,697,693,701,705,710,711,Y
9165,708,702,703,,699,698,693,701,705,710,711,Y
9170,708,702,703,,699,698,693,701,705,710,711,Y
9175,709,704,703,701,699,693,694,700,,,,X
9180,709,704,,701,,693,694,700,,,,X
9185,702,704,,701,693,699,694,700,,,,X
9190,702,,,705,693,699,694,700,,,,X
9195,703,,,705,693,,694,700,,,,X
9200,703,,694,705,701,693,706,707,708,709,702,Y
9205,704,,694,710,701,693,706,707,708,709,702,Y
9210,704,694,700,711,701,,706,707,708,709,702,Y
9215,712,694,700,,705,701,706,707,708,709,702,Y
9220,713,700,712,,705,701,706,707,708,709,702,Y
9225,714,700,712,707,705,706,710,711,,,,X
9230,715,713,712,707,,706,710,711,,,,X
9235,712,713,714,707,706,705,710,711,,,,X
9240,712,713,714,708,706,705,710,711,,,,X
9245,713,715,714,708,706,709,710,711,,,,X
9250,713,715,710,708,707,709,703,704,712,716,717,Y
9255,714,715,710,702,707,706,703,704,712,716,717,Y
9260,714,711,710,702,707,706,703,704,712,716,717,Y
9265,715,711,,702,709,707,703,704,712,716,717,Y
9270,715,711,,,709,707,703,704,712,716,717,Y
9275,710,,,704,709,703,708,702,,,,X
9280,710,,,704,,703,708,702,,,,X
9285,711,,,704,703,709,708,702,,,,X
9290,711,,,712,703,709,708,702,,,,X
9295,718,,,712,703,,708,702,,,,X
9300,719,718,708,712,704,703,713,714,715,710,711,Y
9305,720,718,708,716,704,703,713,714,715,710,711,Y
9310,721,718,702,717,704,,713,714,715,710,711,Y
9315,718,708,702,,712,704,713,714,715,710,711,Y
9320,718,708,719,,712,704,713,714,715,710,711,Y
9325,722,702,719,714,712,713,716,717,,,,X
9330,723,702,719,714,,713,716,717,,,,X
9335,719,720,721,714,713,712,716,717,,,,X
9340,719,720,721,715,713,712,716,717,,,,X
9345,724,720,721,715,713,710,716,717,,,,X
9350,720,722,723,715,714,710,718,719,725,726,727,Y
9355,720,722,723,711,714,713,718,719,725,726,727,Y
9360,721,722,723,711,714,713,718,719,725,726,727,Y
9365,721,716,717,711,710,714,718,719,725,726,727,Y
9370,722,716,717,,710,714,718,719,725,726,727,Y
9375,722,716,717,719,710,718,715,711,,,,X
9380,723,724,,719,,718,715,711,,,,X
9385,723,724,,719,718,710,715,711,,,,X
9390,716,724,,725,718,710,715,711,,,,X
9395,716,,,726,718,,715,711,,,,X
9400,724,,715,727,719,718,720,721,722,723,717,Y
9405,724,,715,,719,718,720,721,722,723,717,Y
9410,728,715,711,,719,,720,721,722,723,717,Y
9415,729,715,711,,,719,720,721,722,723,717,Y
9420,730,711,728,,,719,720,721,722,723,717,Y
9425,731,711,728,721,717,720,725,726,727,,,X
9430,732,729,728,721,,720,725,726,727,,,X
9435,728,729,730,721,720,722,725,726,727,,,X
9440,728,729,730,723,720,722,725,726,727,,,X
9445,729,731,730,723,720,717,725,726,727,,,X
9450,729,731,732,723,721,717,716,724,728,733,734,Y
9455,730,731,732,,721,720,716,724,728,733,734,Y
9460,730,725,732,,721,720,716,724,728,733,734,Y
9465,731,725,726,,722,721,716,724,728,733,734,Y
9470,731,725,726,,722,721,716,724,728,733,734,Y
9475,732,727,726,724,722,716,717,723,,,,X
9480,732,727,,724,,716,717,723,,,,X
9485,725,727,,724,716,722,717,723,,,,X
9490,725,,,728,716,722,717,723,,,,X
9495,726,,,728,716,,717,723,,,,X
9500,726,,717,728,724,716,729,730,731,732,725,Y
9505,727,,717,733,724,716,729,730,731,732,725,Y
9510,727,717,723,734,724,,729,730,731,732,725,Y
9515,735,717,723,,728,724,729,730,731,732,725,Y
9520,736,723,735,,728,724,729,730,731,732,725,Y
9525,737,723,735,730,728,729,733,734,,,,X
9530,738,736,735,730,,729,733,734,,,,X
9535,735,736,737,730,729,728,733,734,,,,X
9540,735,736,737,731,729,728,733,734,,,,X
9545,736,738,737,731,729,732,733,734,,,,X
9550,736,738,733,731,730,732,726,727,735,739,740,Y
9555,737,738,733,725,730,729,726,727,735,739,740,Y
9560,737,734,733,725,730,729,726,727,735,739,740,Y
9565,738,734,,725,732,730,726,727,735,739,740,Y
9570,738,734,,,732,730,726,727,735,739,740,Y
9575,733,,,727,732,726,731,725,,,,X
9580,733,,,727,,726,731,725,,,,X
9585,734,,,727,726,732,731,725,,,,X
9590,734,,,735,726,732,731,725,,,,X
9595,741,,,735,726,,731,725,,,,X
9600,742,741,731,735,727,726,736,737,738,733,734,Y
9605,743,741,731,739,727,726,736,737,738,733,734,Y
9610,744,741,725,740,727,,736,737,738,733,734,Y
9615,741,731,725,,735,727,736,737,738,733,734,Y
9620,741,731,742,,735,727,736,737,738,733,734,Y
9625,745,725,742,737,735,736,739,740,,,,X
9630,746,725,742,737,,736,739,740,,,,X
9635,742,743,744,737,736,735,739,740,,,,X
9640,742,743,744,738,736,735,739,740,,,,X
9645,747,743,744,738,736,733,739,740,,,,X
9650,743,745,746,738,737,733,741,742,748,749,750,Y
9655,743,745,746,734,737,736,741,742,748,749,750,Y
9660,744,745,746,734,737,736,741,742,748,749,750,Y
9665,744,739,740,734,733,737,741,742,748,749,750,Y
9670,745,739,740,,733,737,741,742,748,749,750,Y
9675,745,739,740,742,733,741,738,734,,,,X
9680,746,747,,742,,741,738,734,,,,X
9685,746,747,,742,741,733,738,734,,,,X
9690,739,747,,748,741,733,738,734,,,,X
9695,739,,,749,741,,738,734,,,,X
9700,747,,738,750,742,741,743,744,745,746,740,Y
9705,747,,738,,742,741,743,744,745,746,740,Y
9710,751,738,734,,742,,743,744,745,746,740,Y
9715,752,738,734,,,742,743,744,745,746,740,Y
9720,753,734,751,,,742,743,744,745,746,740,Y
9725,754,734,751,744,740,743,748,749,750,,,X
9730,755,752,751,744,,743,748,749,750,,,X
9735,751,752,753,744,743,745,748,749,750,,,X
9740,751,752,753,746,743,745,748,749,750,,,X
9745,752,754,753,746,743,740,748,749,750,,,X
9750,752,754,755,746,744,740,739,747,751,756,757,Y
9755,753,754,755,,744,743,739,747,751,756,757,Y
9760,753,748,755,,744,743,739,747,751,756,757,Y
9765,754,748,749,,745,744,739,747,751,756,757,Y
9770,754,748,749,,745,744,739,747,751,756,757,Y
9775,755,750,749,747,745,739,740,746,,,,X
9780,755,750,,747,,739,740,746,,,,X
9785,748,750,,747,739,745,740,746,,,,X
9790,748,,,751,739,745,740,746,,,,X
9795,749,,,751,739,,740,746,,,,X
9800,749,,740,751,747,739,752,753,754,755,748,Y
9805,750,,740,756,747,739,752,753,754,755,748,Y
9810,750,740,746,757,747,,752,753,754,755,748,Y
9815,758,740,746,,751,747,752,753,754,755,748,Y
9820,759,746,758,,751,747,752,753,754,755,748,Y
9825,760,746,758,753,751,752,756,757,,,,X
9830,761,759,758,753,,752,756,757,,,,X
9835,758,759,760,753,752,751,756,757,,,,X
9840,758,759,760,754,752,751,756,757,,,,X
9845,759,761,760,754,752,755,756,757,,,,X
9850,759,761,756,754,753,755,749,750,758,762,763,Y
9855,760,761,756,748,753,752,749,750,758,762,763,Y
9860,760,757,756,748,753,752,749,750,758,762,763,Y
9865,761,757,,748,755,753,749,750,758,762,763,Y
9870,761,757,,,755,753,749,750,758,762,763,Y
9875,756,,,750,755,749,754,748,,,,X
9880,756,,,750,,749,754,748,,,,X
9885,757,,,750,749,755,754,748,,,,X
9890,757,,,758,749,755,754,748,,,,X
9895,764,,,758,749,,754,748,,,,X
9900,765,764,754,758,750,749,759,760,761,756,757,Y
9905,766,764,754,762,750,749,759,760,761,756,757,Y
9910,767,764,748,763,750,,759,760,761,756,757,Y
9915,764,754,748,,758,750,759,760,761,756,757,Y
9920,764,754,765,,758,750,759,760,761,756,757,Y
9925,768,748,765,760,758,759,762,763,,,,X
9930,769,748,765,760,,759,762,763,,,,X
9935,765,766,767,760,759,758,762,763,,,,X
9940,765,766,767,761,759,758,762,763,,,,X
9945,770,766,767,761,759,756,762,763,,,,X
9950,766,768,769,761,760,756,764,765,771,772,773,Y
9955,766,768,769,757,760,759,764,765,771,772,773,Y
9960,767,768,769,757,760,759,764,765,771,772,773,Y
9965,767,762,763,757,756,760,764,765,771,772,773,Y
9970,768,762,763,,756,760,764,765,771,772,773,Y
9975,768,762,763,765,756,764,761,757,,,,X
9980,769,770,,765,,764,761,757,,,,X
9985,769,770,,765,764,756,761,757,,,,X
9990,762,770,,771,764,756,761,757,,,,X
9995,762,,,772,764,,761,757,,,,X
10000,770,,761,773,765,764,766,767,768,769,763,Y
10005,770,,761,,765,764,766,767,768,769,763,Y
10010,774,761,757,,765,,766,767,768,769,763,Y
10015,775,761,757,,,765,766,767,768,769,763,Y
10020,776,757,774,,,765,766,767,768,769,763,Y
10025,777,757,774,767,763,766,771,772,773,,,X
10030,778,775,774,767,,766,771,772,773,,,X
10035,774,775,776,767,766,768,771,772,773,,,X
10040,774,775,776,769,766,768,771,772,773,,,X
10045,775,777,776,769,766,763,771,772,773,,,X
10050,775,777,778,769,767,763,762,770,774,779,780,Y
10055,776,777,778,,767,766,762,770,774,779,780,Y
10060,776,771,778,,767,766,762,770,774,779,780,Y
10065,777,771,772,,768,767,762,770,774,779,780,Y
10070,777,771,772,,768,767,762,770,774,779,780,Y
10075,778,773,772,770,768,762,763,769,,,,X
10080,778,773,,770,,762,763,769,,,,X
